순번,조문,제목,시작페이지,종료페이지,방식,파일명
1,제1조,목적,10,10,card,001_제1조_목적.pdf
2,제2조,정의,10,10,card,002_제2조_정의.pdf
3,제3조,전도의 방지,12,12,card,003_제3조_전도의 방지.pdf
4,제4조,작업장의 청결,12,12,card,004_제4조_작업장의 청결.pdf
5,제5조,오염된 바닥의 세척 등,12,12,card,005_제5조_오염된 바닥의 세척 등.pdf
6,제6조,오물의 처리 등,13,13,card,006_제6조_오물의 처리 등.pdf
7,제7조,채광 및 조명,13,13,card,007_제7조_채광 및 조명.pdf
8,제8조,조도,13,13,card,008_제8조_조도.pdf
9,제9조,작업발판 등,14,14,card,009_제9조_작업발판 등.pdf
10,제10조,작업장의 창문,14,14,card,010_제10조_작업장의 창문.pdf
11,제11조,작업장의 출입구,14,14,card,011_제11조_작업장의 출입구.pdf
12,제12조,동력으로 작동되는 문의 설치 조건,15,15,card,012_제12조_동력으로 작동되는 문의 설치 조건.pdf
13,제13조,안전난간의 구조 및 설치요건,15,15,card,013_제13조_안전난간의 구조 및 설치요건.pdf
14,제14조,낙하물에 의한 위험의 방지,16,16,card,014_제14조_낙하물에 의한 위험의 방지.pdf
15,제15조,투하설비 등,16,16,card,015_제15조_투하설비 등.pdf
16,제16조,위험물 등의 보관,16,16,card,016_제16조_위험물 등의 보관.pdf
17,제17조,비상구의 설치,17,17,card,017_제17조_비상구의 설치.pdf
18,제18조,비상구 등의 유지,17,17,card,018_제18조_비상구 등의 유지.pdf
19,제19조,경보용 설비 등,17,17,card,019_제19조_경보용 설비 등.pdf
20,제20조,출입의 금지 등,18,18,card,020_제20조_출입의 금지 등.pdf
21,제21조,통로의 조명,20,20,card,021_제21조_통로의 조명.pdf
22,제22조,통로의 설치,20,20,card,022_제22조_통로의 설치.pdf
23,제23조,가설통로의 구조,20,20,card,023_제23조_가설통로의 구조.pdf
24,제24조,사다리식 통로 등의 구조,21,21,card,024_제24조_사다리식 통로 등의 구조.pdf
25,제25조,갱내통로 등의 위험 방지,22,22,card,025_제25조_갱내통로 등의 위험 방지.pdf
26,제26조,계단의 강도,22,22,card,026_제26조_계단의 강도.pdf
27,제27조,계단의 폭,22,22,card,027_제27조_계단의 폭.pdf
28,제28조,계단참의 설치,23,23,card,028_제28조_계단참의 설치.pdf
29,제29조,천장의 높이,23,23,card,029_제29조_천장의 높이.pdf
30,제30조,계단의 난간,23,23,card,030_제30조_계단의 난간.pdf
31,제31조,보호구의 제한적 사용,25,25,card,031_제31조_보호구의 제한적 사용.pdf
32,제32조,보호구의 지급 등,25,25,card,032_제32조_보호구의 지급 등.pdf
33,제33조,보호구의 관리,26,26,card,033_제33조_보호구의 관리.pdf
34,제34조,전용 보호구 등,26,26,card,034_제34조_전용 보호구 등.pdf
35,제35조,관리감독자의 유해·위험 방지 업무 등,28,28,card,035_제35조_관리감독자의 유해·위험 방지 업무 등.pdf
36,제36조,사용의 제한,28,28,card,036_제36조_사용의 제한.pdf
37,제37조,악천후 및 강풍 시 작업 중지,28,28,card,037_제37조_악천후 및 강풍 시 작업 중지.pdf
38,제38조,사전조사 및 작업계획서의 작성 등,28,28,card,038_제38조_사전조사 및 작업계획서의 작성 등.pdf
39,제39조,작업지휘자의 지정,29,29,card,039_제39조_작업지휘자의 지정.pdf
40,제40조,신호,29,29,card,040_제40조_신호.pdf
41,제41조,운전위치의 이탈금지,30,30,card,041_제41조_운전위치의 이탈금지.pdf
42,제42조,추락의 방지,32,32,card,042_제42조_추락의 방지.pdf
43,제43조,개구부 등의 방호 조치,33,33,card,043_제43조_개구부 등의 방호 조치.pdf
44,제44조,안전대의 부착설비 등,33,33,card,044_제44조_안전대의 부착설비 등.pdf
45,제45조,지붕 위에서의 위험 방지,33,33,card,045_제45조_지붕 위에서의 위험 방지.pdf
46,제46조,승강설비의 설치,34,34,card,046_제46조_승강설비의 설치.pdf
47,제47조,구명구 등,34,34,card,047_제47조_구명구 등.pdf
48,제48조,울타리의 설치,34,34,card,048_제48조_울타리의 설치.pdf
49,제49조,조명의 유지,34,34,card,049_제49조_조명의 유지.pdf
50,제50조,토사등에 의한 위험 방지,35,35,card,050_제50조_토사등에 의한 위험 방지.pdf
51,제51조,구축물등의 안전 유지,35,35,card,051_제51조_구축물등의 안전 유지.pdf
52,제52조,구축물등의 안전성 평가,35,35,card,052_제52조_구축물등의 안전성 평가.pdf
53,제53조,계측장치의 설치 등,36,36,card,053_제53조_계측장치의 설치 등.pdf
54,제54조,비계의 재료,38,38,card,054_제54조_비계의 재료.pdf
55,제55조,작업발판의 최대적재하중,38,38,card,055_제55조_작업발판의 최대적재하중.pdf
56,제56조,작업발판의 구조,38,38,card,056_제56조_작업발판의 구조.pdf
57,제57조,비계 등의 조립·해체 및 변경,39,39,card,057_제57조_비계 등의 조립·해체 및 변경.pdf
58,제58조,비계의 점검 및 보수,41,41,card,058_제58조_비계의 점검 및 보수.pdf
59,제59조,강관비계 조립 시의 준수사항,41,41,card,059_제59조_강관비계 조립 시의 준수사항.pdf
60,제60조,강관비계의 구조,42,42,card,060_제60조_강관비계의 구조.pdf
61,제61조,강관의 강도 식별,42,42,card,061_제61조_강관의 강도 식별.pdf
62,제62조,강관틀비계,43,43,card,062_제62조_강관틀비계.pdf
63,제63조,달비계의 구조,43,43,card,063_제63조_달비계의 구조.pdf
64,제64조,달비계의 점검 및 보수,45,45,card,064_제64조_달비계의 점검 및 보수.pdf
65,제65조,달대비계,45,45,card,065_제65조_달대비계.pdf
66,제66조,높은 디딤판 등의 사용금지,45,45,card,066_제66조_높은 디딤판 등의 사용금지.pdf
67,제66조의2,걸침비계의 구조,45,45,card,067_제66조의2_걸침비계의 구조.pdf
68,제67조,말비계,46,46,card,068_제67조_말비계.pdf
69,제68조,이동식비계,46,46,card,069_제68조_이동식비계.pdf
70,제69조,시스템 비계의 구조,47,47,card,070_제69조_시스템 비계의 구조.pdf
71,제70조,시스템 비계의 조립 작업 시 준수사항,47,47,card,071_제70조_시스템 비계의 조립 작업 시 준수사항.pdf
72,제72조,후드,49,49,card,072_제72조_후드.pdf
73,제73조,덕트,50,50,card,073_제73조_덕트.pdf
74,제74조,배풍기,50,50,card,074_제74조_배풍기.pdf
75,제75조,배기구,51,51,card,075_제75조_배기구.pdf
76,제76조,배기의 처리,51,51,card,076_제76조_배기의 처리.pdf
77,제77조,전체환기장치,51,51,card,077_제77조_전체환기장치.pdf
78,제78조,환기장치의 가동,51,51,card,078_제78조_환기장치의 가동.pdf
79,제79조,휴게시설,53,53,card,079_제79조_휴게시설.pdf
80,제79조의2,세척시설 등,53,53,card,080_제79조의2_세척시설 등.pdf
81,제80조,의자의 비치,53,53,card,081_제80조_의자의 비치.pdf
82,제81조,수면장소 등의 설치,53,53,card,082_제81조_수면장소 등의 설치.pdf
83,제82조,구급용구,53,53,card,083_제82조_구급용구.pdf
84,제83조,가스 등의 발산 억제 조치,55,55,card,084_제83조_가스 등의 발산 억제 조치.pdf
85,제84조,공기의 부피와 환기,55,55,card,085_제84조_공기의 부피와 환기.pdf
86,제85조,잔재물등의 처리,55,55,card,086_제85조_잔재물등의 처리.pdf
87,제86조,탑승의 제한,59,59,card,087_제86조_탑승의 제한.pdf
88,제87조,원동기·회전축 등의 위험 방지,61,61,card,088_제87조_원동기·회전축 등의 위험 방지.pdf
89,제88조,기계의 동력차단장치,63,63,card,089_제88조_기계의 동력차단장치.pdf
90,제89조,운전 시작 전 조치,63,63,card,090_제89조_운전 시작 전 조치.pdf
91,제90조,날아오는 가공물 등에 의한 위험의 방지,64,64,card,091_제90조_날아오는 가공물 등에 의한 위험의 방지.pdf
92,제91조,고장난 기계의 정비 등,64,64,card,092_제91조_고장난 기계의 정비 등.pdf
93,제92조,정비 등의 작업 시의 운전정지 등,64,64,card,093_제92조_정비 등의 작업 시의 운전정지 등.pdf
94,제93조,방호장치의 해체 금지,65,65,card,094_제93조_방호장치의 해체 금지.pdf
95,제94조,작업모 등의 착용,65,65,card,095_제94조_작업모 등의 착용.pdf
96,제95조,장갑의 사용 금지,65,65,card,096_제95조_장갑의 사용 금지.pdf
97,제96조,작업도구 등의 목적 외 사용 금지 등,65,65,card,097_제96조_작업도구 등의 목적 외 사용 금지 등.pdf
98,제97조,볼트·너트의 풀림 방지,67,67,card,098_제97조_볼트·너트의 풀림 방지.pdf
99,제98조,제한속도의 지정 등,67,67,card,099_제98조_제한속도의 지정 등.pdf
100,제99조,운전위치 이탈 시의 조치,67,67,card,100_제99조_운전위치 이탈 시의 조치.pdf
101,제100조,띠톱기계의 덮개 등,68,68,card,101_제100조_띠톱기계의 덮개 등.pdf
102,제101조,원형톱기계의 톱날접촉예방장치,68,68,card,102_제101조_원형톱기계의 톱날접촉예방장치.pdf
103,제102조,탑승의 금지,68,68,card,103_제102조_탑승의 금지.pdf
104,제103조,프레스 등의 위험 방지,69,69,card,104_제103조_프레스 등의 위험 방지.pdf
105,제104조,금형조정작업의 위험 방지,69,69,card,105_제104조_금형조정작업의 위험 방지.pdf
106,제105조,둥근톱기계의 반발예방장치,70,70,card,106_제105조_둥근톱기계의 반발예방장치.pdf
107,제106조,둥근톱기계의 톱날접촉예방장치,70,70,card,107_제106조_둥근톱기계의 톱날접촉예방장치.pdf
108,제107조,띠톱기계의 덮개,70,70,card,108_제107조_띠톱기계의 덮개.pdf
109,제108조,띠톱기계의 날접촉예방장치 등,70,70,card,109_제108조_띠톱기계의 날접촉예방장치 등.pdf
110,제109조,대패기계의 날접촉예방장치,70,70,card,110_제109조_대패기계의 날접촉예방장치.pdf
111,제110조,모떼기기계의 날접촉예방장치,71,71,card,111_제110조_모떼기기계의 날접촉예방장치.pdf
112,제111조,운전의 정지,71,71,card,112_제111조_운전의 정지.pdf
113,제112조,최고사용회전수의 초과 사용 금지,71,71,card,113_제112조_최고사용회전수의 초과 사용 금지.pdf
114,제113조,폭발성 물질 등의 취급 시 조치,71,71,card,114_제113조_폭발성 물질 등의 취급 시 조치.pdf
115,제114조,회전시험 중의 위험방지,72,72,card,115_제114조_회전시험 중의 위험방지.pdf
116,제115조,비파괴검사의 실시,72,72,card,116_제115조_비파괴검사의 실시.pdf
117,제116조,압력방출장치,72,72,card,117_제116조_압력방출장치.pdf
118,제117조,압력제한스위치,73,73,card,118_제117조_압력제한스위치.pdf
119,제118조,고저수위 조절장치,73,73,card,119_제118조_고저수위 조절장치.pdf
120,제119조,폭발위험의 방지,73,73,card,120_제119조_폭발위험의 방지.pdf
121,제120조,최고사용압력의 표시 등,73,73,card,121_제120조_최고사용압력의 표시 등.pdf
122,제121조,사출성형기 등의 방호장치,73,73,card,122_제121조_사출성형기 등의 방호장치.pdf
123,제122조,연삭숫돌의 덮개 등,74,74,card,123_제122조_연삭숫돌의 덮개 등.pdf
124,제123조,롤러기의 울 등 설치,74,74,card,124_제123조_롤러기의 울 등 설치.pdf
125,제124조,직기의 북이탈방지장치,75,75,card,125_제124조_직기의 북이탈방지장치.pdf
126,제125조,신선기의 인발블록의 덮개 등,75,75,card,126_제125조_신선기의 인발블록의 덮개 등.pdf
127,제126조,버프연마기의 덮개,75,75,card,127_제126조_버프연마기의 덮개.pdf
128,제127조,선풍기 등에 의한 위험의 방지,75,75,card,128_제127조_선풍기 등에 의한 위험의 방지.pdf
129,제128조,포장기계의 덮개 등,75,75,card,129_제128조_포장기계의 덮개 등.pdf
130,제129조,정련기에 의한 위험 방지,76,76,card,130_제129조_정련기에 의한 위험 방지.pdf
131,제130조,식품가공용 기계에 의한 위험 방지,76,76,card,131_제130조_식품가공용 기계에 의한 위험 방지.pdf
132,제131조,농업용기계에 의한 위험 방지,77,77,card,132_제131조_농업용기계에 의한 위험 방지.pdf
133,제132조,양중기,77,77,card,133_제132조_양중기.pdf
134,제133조,정격하중 등의 표시,78,78,card,134_제133조_정격하중 등의 표시.pdf
135,제134조,방호장치의 조정,78,78,card,135_제134조_방호장치의 조정.pdf
136,제135조,과부하의 제한 등,79,79,card,136_제135조_과부하의 제한 등.pdf
137,제136조,안전밸브의 조정,79,79,card,137_제136조_안전밸브의 조정.pdf
138,제137조,해지장치의 사용,80,80,card,138_제137조_해지장치의 사용.pdf
139,제138조,경사각의 제한,80,80,card,139_제138조_경사각의 제한.pdf
140,제139조,크레인의 수리 등의 작업,80,80,card,140_제139조_크레인의 수리 등의 작업.pdf
141,제140조,폭풍에 의한 이탈 방지,80,80,card,141_제140조_폭풍에 의한 이탈 방지.pdf
142,제141조,조립 등의 작업 시 조치사항,81,81,card,142_제141조_조립 등의 작업 시 조치사항.pdf
143,제142조,타워크레인의 지지,82,82,card,143_제142조_타워크레인의 지지.pdf
144,제143조,폭풍 등으로 인한 이상 유무 점검,82,82,card,144_제143조_폭풍 등으로 인한 이상 유무 점검.pdf
145,제144조,건설물 등과의 사이 통로,83,83,card,145_제144조_건설물 등과의 사이 통로.pdf
146,제145조,건설물 등의 벽체와 통로의 간격 등,83,83,card,146_제145조_건설물 등의 벽체와 통로의 간격 등.pdf
147,제146조,크레인 작업 시의 조치,83,83,card,147_제146조_크레인 작업 시의 조치.pdf
148,제147조,설계기준 준수,84,84,card,148_제147조_설계기준 준수.pdf
149,제148조,안전밸브의 조정,84,84,card,149_제148조_안전밸브의 조정.pdf
150,제149조,해지장치의 사용,84,84,card,150_제149조_해지장치의 사용.pdf
151,제150조,경사각의 제한,84,84,card,151_제150조_경사각의 제한.pdf
152,제151조,권과 방지 등,85,85,card,152_제151조_권과 방지 등.pdf
153,제152조,무인작동의 제한,85,85,card,153_제152조_무인작동의 제한.pdf
154,제153조,피트 청소 시의 조치,85,85,card,154_제153조_피트 청소 시의 조치.pdf
155,제154조,붕괴 등의 방지,86,86,card,155_제154조_붕괴 등의 방지.pdf
156,제155조,운반구의 정지위치,86,86,card,156_제155조_운반구의 정지위치.pdf
157,제156조,조립 등의 작업,86,86,card,157_제156조_조립 등의 작업.pdf
158,제157조,이삿짐운반용 리프트 운전방법의 주지,87,87,card,158_제157조_이삿짐운반용 리프트 운전방법의 주지.pdf
159,제158조,이삿짐 운반용 리프트 전도의 방지,87,87,card,159_제158조_이삿짐 운반용 리프트 전도의 방지.pdf
160,제159조,화물의 낙하 방지,87,87,card,160_제159조_화물의 낙하 방지.pdf
161,제160조,운전방법 등의 주지,88,88,card,161_제160조_운전방법 등의 주지.pdf
162,제161조,폭풍에 의한 무너짐 방지,88,88,card,162_제161조_폭풍에 의한 무너짐 방지.pdf
163,제162조,조립 등의 작업,88,88,card,163_제162조_조립 등의 작업.pdf
164,제163조,와이어로프 등 달기구의 안전계수,89,89,card,164_제163조_와이어로프 등 달기구의 안전계수.pdf
165,제164조,고리걸이 훅 등의 안전계수,90,90,card,165_제164조_고리걸이 훅 등의 안전계수.pdf
166,제165조,와이어로프의 절단방법 등,90,90,card,166_제165조_와이어로프의 절단방법 등.pdf
167,제166조,이음매가 있는 와이어로프 등의 사용금지,90,90,card,167_제166조_이음매가 있는 와이어로프 등의 사용금지.pdf
168,제167조,늘어난 달기체인 등의 사용금지,90,90,card,168_제167조_늘어난 달기체인 등의 사용금지.pdf
169,제168조,변형되어 있는 훅·샤클 등의 사용금지 등,91,91,card,169_제168조_변형되어 있는 훅·샤클 등의 사용금지 등.pdf
170,제169조,꼬임이 끊어진 섬유로프 등의 사용금지,91,91,card,170_제169조_꼬임이 끊어진 섬유로프 등의 사용금지.pdf
171,제170조,링 등의 구비,91,91,card,171_제170조_링 등의 구비.pdf
172,제171조,전도 등의 방지,92,92,card,172_제171조_전도 등의 방지.pdf
173,제172조,접촉의 방지,92,92,card,173_제172조_접촉의 방지.pdf
174,제173조,화물적재 시의 조치,93,93,card,174_제173조_화물적재 시의 조치.pdf
175,제174조,차량계 하역운반기계등의 이송,93,93,card,175_제174조_차량계 하역운반기계등의 이송.pdf
176,제175조,주용도 외의 사용 제한,94,94,card,176_제175조_주용도 외의 사용 제한.pdf
177,제176조,수리 등의 작업 시 조치,94,94,card,177_제176조_수리 등의 작업 시 조치.pdf
178,제177조,싣거나 내리는 작업,95,95,card,178_제177조_싣거나 내리는 작업.pdf
179,제178조,허용하중 초과 등의 제한,95,95,card,179_제178조_허용하중 초과 등의 제한.pdf
180,제179조,전조등 등의 설치,95,95,card,180_제179조_전조등 등의 설치.pdf
181,제180조,헤드가드,96,96,card,181_제180조_헤드가드.pdf
182,제181조,백레스트,96,96,card,182_제181조_백레스트.pdf
183,제182조,팔레트 등,96,96,card,183_제182조_팔레트 등.pdf
184,제183조,좌석 안전띠의 착용 등,97,97,card,184_제183조_좌석 안전띠의 착용 등.pdf
185,제184조,제동장치 등,97,97,card,185_제184조_제동장치 등.pdf
186,제185조,연결장치,98,98,card,186_제185조_연결장치.pdf
187,제186조,고소작업대 설치 등의 조치,98,98,card,187_제186조_고소작업대 설치 등의 조치.pdf
188,제187조,승강설비,99,99,card,188_제187조_승강설비.pdf
189,제188조,꼬임이 끊어진 섬유로프 등의 사용 금지,99,99,card,189_제188조_꼬임이 끊어진 섬유로프 등의 사용 금지.pdf
190,제189조,섬유로프 등의 점검 등,100,100,card,190_제189조_섬유로프 등의 점검 등.pdf
191,제190조,화물 중간에서 빼내기 금지,100,100,card,191_제190조_화물 중간에서 빼내기 금지.pdf
192,제191조,이탈 등의 방지,100,100,card,192_제191조_이탈 등의 방지.pdf
193,제192조,비상정지장치,101,101,card,193_제192조_비상정지장치.pdf
194,제193조,낙하물에 의한 위험 방지,101,101,card,194_제193조_낙하물에 의한 위험 방지.pdf
195,제194조,트롤리 컨베이어,101,101,card,195_제194조_트롤리 컨베이어.pdf
196,제195조,통행의 제한 등,101,101,card,196_제195조_통행의 제한 등.pdf
197,제196조,차량계 건설기계의 정의,102,102,card,197_제196조_차량계 건설기계의 정의.pdf
198,제197조,전조등의 설치,102,102,card,198_제197조_전조등의 설치.pdf
199,제198조,낙하물 보호구조,102,102,card,199_제198조_낙하물 보호구조.pdf
200,제199조,전도 등의 방지,102,102,card,200_제199조_전도 등의 방지.pdf
201,제200조,접촉 방지,102,102,card,201_제200조_접촉 방지.pdf
202,제201조,차량계 건설기계의 이송,103,103,card,202_제201조_차량계 건설기계의 이송.pdf
203,제202조,승차석 외의 탑승금지,103,103,card,203_제202조_승차석 외의 탑승금지.pdf
204,제203조,안전도 등의 준수,103,103,card,204_제203조_안전도 등의 준수.pdf
205,제204조,주용도 외의 사용 제한,103,103,card,205_제204조_주용도 외의 사용 제한.pdf
206,제205조,붐 등의 강하에 의한 위험 방지,104,104,card,206_제205조_붐 등의 강하에 의한 위험 방지.pdf
207,제206조,수리 등의 작업 시 조치,104,104,card,207_제206조_수리 등의 작업 시 조치.pdf
208,제207조,조립·해체 시 점검사항,104,104,card,208_제207조_조립·해체 시 점검사항.pdf
209,제209조,무너짐의 방지,105,105,card,209_제209조_무너짐의 방지.pdf
210,제210조,이음매가 있는 권상용 와이어로프의 사용 금지,105,105,card,210_제210조_이음매가 있는 권상용 와이어로프의 사용 금지.pdf
211,제211조,권상용 와이어로프의 안전계수,106,106,card,211_제211조_권상용 와이어로프의 안전계수.pdf
212,제212조,권상용 와이어로프의 길이 등,106,106,card,212_제212조_권상용 와이어로프의 길이 등.pdf
213,제213조,널말뚝 등과의 연결,107,107,card,213_제213조_널말뚝 등과의 연결.pdf
214,제216조,도르래의 부착 등,107,107,card,214_제216조_도르래의 부착 등.pdf
215,제217조,사용 시의 조치 등,108,108,card,215_제217조_사용 시의 조치 등.pdf
216,제218조,말뚝 등을 끌어올릴 경우의 조치,108,108,card,216_제218조_말뚝 등을 끌어올릴 경우의 조치.pdf
217,제220조,항타기 등의 이동,109,109,card,217_제220조_항타기 등의 이동.pdf
218,제221조,가스배관 등의 손상 방지,109,109,card,218_제221조_가스배관 등의 손상 방지.pdf
219,제221조의2,충돌위험 방지조치,109,109,card,219_제221조의2_충돌위험 방지조치.pdf
220,제221조의3,좌석안전띠의 착용,109,109,card,220_제221조의3_좌석안전띠의 착용.pdf
221,제221조의4,잠금장치의 체결,110,110,card,221_제221조의4_잠금장치의 체결.pdf
222,제221조의5,인양작업 시 조치,110,110,card,222_제221조의5_인양작업 시 조치.pdf
223,제222조,교시 등,111,111,card,223_제222조_교시 등.pdf
224,제223조,운전 중 위험 방지,112,112,card,224_제223조_운전 중 위험 방지.pdf
225,제224조,수리 등 작업 시의 조치 등,112,112,card,225_제224조_수리 등 작업 시의 조치 등.pdf
226,제225조,위험물질 등의 제조 등 작업 시의 조치,114,114,card,226_제225조_위험물질 등의 제조 등 작업 시의 조치.pdf
227,제226조,물과의 접촉 금지,115,115,card,227_제226조_물과의 접촉 금지.pdf
228,제228조,가솔린이 남아 있는 설비에 등유 등의 주입,115,115,card,228_제228조_가솔린이 남아 있는 설비에 등유 등의 주입.pdf
229,제229조,산화에틸렌 등의 취급,115,115,card,229_제229조_산화에틸렌 등의 취급.pdf
230,제230조,폭발위험이 있는 장소의 설정 및 관리,116,116,card,230_제230조_폭발위험이 있는 장소의 설정 및 관리.pdf
231,제231조,인화성 액체 등을 수시로 취급하는 장소,116,116,card,231_제231조_인화성 액체 등을 수시로 취급하는 장소.pdf
232,제232조,폭발 또는 화재 등의 예방,117,117,card,232_제232조_폭발 또는 화재 등의 예방.pdf
233,제233조,가스용접 등의 작업,117,117,card,233_제233조_가스용접 등의 작업.pdf
234,제234조,가스등의 용기,118,118,card,234_제234조_가스등의 용기.pdf
235,제235조,서로 다른 물질의 접촉에 의한 발화 등의 방지,119,119,card,235_제235조_서로 다른 물질의 접촉에 의한 발화 등의 방지.pdf
236,제236조,화재 위험이 있는 작업의 장소 등,119,119,card,236_제236조_화재 위험이 있는 작업의 장소 등.pdf
237,제237조,자연발화의 방지,119,119,card,237_제237조_자연발화의 방지.pdf
238,제238조,유류 등이 묻어 있는 걸레 등의 처리,120,120,card,238_제238조_유류 등이 묻어 있는 걸레 등의 처리.pdf
239,제239조,위험물 등이 있는 장소에서 화기 등의 사용 금지,120,120,card,239_제239조_위험물 등이 있는 장소에서 화기 등의 사용 금지.pdf
240,제240조,유류 등이 있는 배관이나 용기의 용접 등,120,120,card,240_제240조_유류 등이 있는 배관이나 용기의 용접 등.pdf
241,제241조,화재위험작업 시의 준수사항,120,120,card,241_제241조_화재위험작업 시의 준수사항.pdf
242,제241조의2,화재감시자,121,121,card,242_제241조의2_화재감시자.pdf
243,제242조,화기사용 금지,122,122,card,243_제242조_화기사용 금지.pdf
244,제243조,소화설비,122,122,card,244_제243조_소화설비.pdf
245,제244조,방화조치,122,122,card,245_제244조_방화조치.pdf
246,제245조,화기사용 장소의 화재 방지,122,122,card,246_제245조_화기사용 장소의 화재 방지.pdf
247,제246조,소각장,122,122,card,247_제246조_소각장.pdf
248,제247조,고열물 취급설비의 구조,123,123,card,248_제247조_고열물 취급설비의 구조.pdf
249,제248조,용융고열물 취급 피트의 수증기 폭발방지,123,123,card,249_제248조_용융고열물 취급 피트의 수증기 폭발방지.pdf
250,제249조,건축물의 구조,123,123,card,250_제249조_건축물의 구조.pdf
251,제250조,용융고열물의 취급작업,123,123,card,251_제250조_용융고열물의 취급작업.pdf
252,제251조,고열의 금속찌꺼기 물처리 등,124,124,card,252_제251조_고열의 금속찌꺼기 물처리 등.pdf
253,제252조,고열 금속찌꺼기 처리작업,124,124,card,253_제252조_고열 금속찌꺼기 처리작업.pdf
254,제253조,금속의 용해로에 금속부스러기를 넣는 작업,124,124,card,254_제253조_금속의 용해로에 금속부스러기를 넣는 작업.pdf
255,제254조,화상 등의 방지,124,124,card,255_제254조_화상 등의 방지.pdf
256,제255조,화학설비를 설치하는 건축물의 구조,125,125,card,256_제255조_화학설비를 설치하는 건축물의 구조.pdf
257,제256조,부식 방지,125,125,card,257_제256조_부식 방지.pdf
258,제257조,덮개 등의 접합부,125,125,card,258_제257조_덮개 등의 접합부.pdf
259,제258조,밸브 등의 개폐방향의 표시 등,125,125,card,259_제258조_밸브 등의 개폐방향의 표시 등.pdf
260,제259조,밸브 등의 재질,126,126,card,260_제259조_밸브 등의 재질.pdf
261,제260조,공급 원재료의 종류 등의 표시,126,126,card,261_제260조_공급 원재료의 종류 등의 표시.pdf
262,제261조,안전밸브 등의 설치,126,126,card,262_제261조_안전밸브 등의 설치.pdf
263,제262조,파열판의 설치,127,127,card,263_제262조_파열판의 설치.pdf
264,제263조,파열판 및 안전밸브의 직렬설치,128,128,card,264_제263조_파열판 및 안전밸브의 직렬설치.pdf
265,제264조,안전밸브등의 작동요건,128,128,card,265_제264조_안전밸브등의 작동요건.pdf
266,제265조,안전밸브등의 배출용량,128,128,card,266_제265조_안전밸브등의 배출용량.pdf
267,제266조,차단밸브의 설치 금지,128,128,card,267_제266조_차단밸브의 설치 금지.pdf
268,제267조,배출물질의 처리,129,129,card,268_제267조_배출물질의 처리.pdf
269,제268조,통기설비,130,130,card,269_제268조_통기설비.pdf
270,제269조,화염방지기의 설치 등,130,130,card,270_제269조_화염방지기의 설치 등.pdf
271,제270조,내화기준,130,130,card,271_제270조_내화기준.pdf
272,제271조,안전거리,131,131,card,272_제271조_안전거리.pdf
273,제272조,방유제 설치,131,131,card,273_제272조_방유제 설치.pdf
274,제273조,계측장치 등의 설치,131,131,card,274_제273조_계측장치 등의 설치.pdf
275,제274조,자동경보장치의 설치 등,132,132,card,275_제274조_자동경보장치의 설치 등.pdf
276,제275조,긴급차단장치의 설치 등,132,132,card,276_제275조_긴급차단장치의 설치 등.pdf
277,제276조,예비동력원 등,132,132,card,277_제276조_예비동력원 등.pdf
278,제277조,사용 전의 점검 등,132,132,card,278_제277조_사용 전의 점검 등.pdf
279,제278조,개조·수리 등,133,133,card,279_제278조_개조·수리 등.pdf
280,제279조,대피 등,133,133,card,280_제279조_대피 등.pdf
281,제280조,위험물 건조설비를 설치하는 건축물의 구조,134,134,card,281_제280조_위험물 건조설비를 설치하는 건축물의 구조.pdf
282,제281조,건조설비의 구조 등,134,134,card,282_제281조_건조설비의 구조 등.pdf
283,제282조,건조설비의 부속전기설비,136,136,card,283_제282조_건조설비의 부속전기설비.pdf
284,제283조,건조설비의 사용,136,136,card,284_제283조_건조설비의 사용.pdf
285,제284조,건조설비의 온도 측정,137,137,card,285_제284조_건조설비의 온도 측정.pdf
286,제285조,압력의 제한,137,137,card,286_제285조_압력의 제한.pdf
287,제286조,발생기실의 설치장소 등,137,137,card,287_제286조_발생기실의 설치장소 등.pdf
288,제287조,발생기실의 구조 등,138,138,card,288_제287조_발생기실의 구조 등.pdf
289,제288조,격납실,138,138,card,289_제288조_격납실.pdf
290,제289조,안전기의 설치,138,138,card,290_제289조_안전기의 설치.pdf
291,제290조,아세틸렌 용접장치의 관리 등,139,139,card,291_제290조_아세틸렌 용접장치의 관리 등.pdf
292,제291조,가스집합장치의 위험 방지,139,139,card,292_제291조_가스집합장치의 위험 방지.pdf
293,제292조,가스장치실의 구조 등,140,140,card,293_제292조_가스장치실의 구조 등.pdf
294,제293조,가스집합용접장치의 배관,140,140,card,294_제293조_가스집합용접장치의 배관.pdf
295,제294조,구리의 사용 제한,140,140,card,295_제294조_구리의 사용 제한.pdf
296,제295조,가스집합용접장치의 관리 등,141,141,card,296_제295조_가스집합용접장치의 관리 등.pdf
297,제296조,지하작업장 등,142,142,card,297_제296조_지하작업장 등.pdf
298,제297조,부식성 액체의 압송설비,142,142,card,298_제297조_부식성 액체의 압송설비.pdf
299,제298조,공기 외의 가스 사용 제한,143,143,card,299_제298조_공기 외의 가스 사용 제한.pdf
300,제299조,독성이 있는 물질의 누출 방지,143,143,card,300_제299조_독성이 있는 물질의 누출 방지.pdf
301,제300조,기밀시험시의 위험 방지,144,144,card,301_제300조_기밀시험시의 위험 방지.pdf
302,제301조,전기 기계·기구 등의 충전부 방호,146,146,card,302_제301조_전기 기계·기구 등의 충전부 방호.pdf
303,제302조,전기 기계·기구의 접지,147,147,card,303_제302조_전기 기계·기구의 접지.pdf
304,제303조,전기 기계·기구의 적정설치 등,148,148,card,304_제303조_전기 기계·기구의 적정설치 등.pdf
305,제304조,누전차단기에 의한 감전방지,149,149,card,305_제304조_누전차단기에 의한 감전방지.pdf
306,제305조,과전류 차단장치,150,150,card,306_제305조_과전류 차단장치.pdf
307,제306조,교류아크용접기 등,150,150,card,307_제306조_교류아크용접기 등.pdf
308,제307조,단로기 등의 개폐,150,150,card,308_제307조_단로기 등의 개폐.pdf
309,제308조,비상전원,151,151,card,309_제308조_비상전원.pdf
310,제309조,임시로 사용하는 전등 등의 위험 방지,151,151,card,310_제309조_임시로 사용하는 전등 등의 위험 방지.pdf
311,제310조,전기 기계·기구의 조작 시 등의 안전조치,151,151,card,311_제310조_전기 기계·기구의 조작 시 등의 안전조치.pdf
312,제311조,폭발위험장소에서 사용하는 전기 기계·기구의 선정 등,152,152,card,312_제311조_폭발위험장소에서 사용하는 전기 기계·기구의 선정 등.pdf
313,제312조,변전실 등의 위치,152,152,card,313_제312조_변전실 등의 위치.pdf
314,제313조,배선 등의 절연피복 등,152,152,card,314_제313조_배선 등의 절연피복 등.pdf
315,제314조,습윤한 장소의 이동전선 등,153,153,card,315_제314조_습윤한 장소의 이동전선 등.pdf
316,제315조,통로바닥에서의 전선 등 사용 금지,153,153,card,316_제315조_통로바닥에서의 전선 등 사용 금지.pdf
317,제316조,꽂음접속기의 설치·사용 시 준수사항,153,153,card,317_제316조_꽂음접속기의 설치·사용 시 준수사항.pdf
318,제317조,이동 및 휴대장비 등의 사용 전기 작업,153,153,card,318_제317조_이동 및 휴대장비 등의 사용 전기 작업.pdf
319,제318조,전기작업자의 제한,154,154,card,319_제318조_전기작업자의 제한.pdf
320,제319조,정전전로에서의 전기작업,154,154,card,320_제319조_정전전로에서의 전기작업.pdf
321,제320조,정전전로 인근에서의 전기작업,155,155,card,321_제320조_정전전로 인근에서의 전기작업.pdf
322,제321조,충전전로에서의 전기작업,155,155,card,322_제321조_충전전로에서의 전기작업.pdf
323,제322조,충전전로 인근에서의 차량·기계장치 작업,157,157,card,323_제322조_충전전로 인근에서의 차량·기계장치 작업.pdf
324,제323조,절연용 보호구 등의 사용,157,157,card,324_제323조_절연용 보호구 등의 사용.pdf
325,제324조,적용 제외,158,158,card,325_제324조_적용 제외.pdf
326,제325조,정전기로 인한 화재 폭발 등 방지,158,158,card,326_제325조_정전기로 인한 화재 폭발 등 방지.pdf
327,제326조,피뢰설비의 설치,159,159,card,327_제326조_피뢰설비의 설치.pdf
328,제327조,전자파에 의한 기계·설비의 오작동 방지,159,159,card,328_제327조_전자파에 의한 기계·설비의 오작동 방지.pdf
329,제328조,재료,161,161,card,329_제328조_재료.pdf
330,제329조,부재의 재료 사용기준,161,161,card,330_제329조_부재의 재료 사용기준.pdf
331,제330조,거푸집 및 동바리의 구조,161,161,card,331_제330조_거푸집 및 동바리의 구조.pdf
332,제331조,조립도,161,161,card,332_제331조_조립도.pdf
333,제331조의2,거푸집 조립 시의 안전조치,162,162,card,333_제331조의2_거푸집 조립 시의 안전조치.pdf
334,제331조의3,작업발판 일체형 거푸집의 안전조치,162,162,card,334_제331조의3_작업발판 일체형 거푸집의 안전조치.pdf
335,제332조,동바리 조립 시의 안전조치,163,163,card,335_제332조_동바리 조립 시의 안전조치.pdf
336,제332조의2,동바리 유형에 따른 동바리 조립 시의 안전조치,164,164,card,336_제332조의2_동바리 유형에 따른 동바리 조립 시의 안전조치.pdf
337,제333조,조립·해체 등 작업 시의 준수사항,165,165,card,337_제333조_조립·해체 등 작업 시의 준수사항.pdf
338,제334조,콘크리트의 타설작업,166,166,card,338_제334조_콘크리트의 타설작업.pdf
339,제335조,콘크리트 타설장비 사용 시의 준수사항,167,167,card,339_제335조_콘크리트 타설장비 사용 시의 준수사항.pdf
340,제338조,굴착작업 사전조사 등,168,168,card,340_제338조_굴착작업 사전조사 등.pdf
341,제339조,굴착면의 붕괴 등에 의한 위험방지,168,168,card,341_제339조_굴착면의 붕괴 등에 의한 위험방지.pdf
342,제340조,굴착작업 시 위험방지,168,168,card,342_제340조_굴착작업 시 위험방지.pdf
343,제341조,매설물 등 파손에 의한 위험방지,169,169,card,343_제341조_매설물 등 파손에 의한 위험방지.pdf
344,제342조,굴착기계등에 의한 위험방지,169,169,card,344_제342조_굴착기계등에 의한 위험방지.pdf
345,제344조,굴착기계등의 유도,169,169,card,345_제344조_굴착기계등의 유도.pdf
346,제345조,흙막이지보공의 재료,169,169,card,346_제345조_흙막이지보공의 재료.pdf
347,제346조,조립도,170,170,card,347_제346조_조립도.pdf
348,제347조,붕괴 등의 위험 방지,170,170,card,348_제347조_붕괴 등의 위험 방지.pdf
349,제348조,발파의 작업기준,170,170,card,349_제348조_발파의 작업기준.pdf
350,제349조,작업중지 및 피난,171,171,card,350_제349조_작업중지 및 피난.pdf
351,제350조,인화성 가스의 농도측정 등,172,172,card,351_제350조_인화성 가스의 농도측정 등.pdf
352,제351조,낙반 등에 의한 위험의 방지,172,172,card,352_제351조_낙반 등에 의한 위험의 방지.pdf
353,제352조,출입구 부근 등의 지반 붕괴 등에 의한 위험의 방지,172,172,card,353_제352조_출입구 부근 등의 지반 붕괴 등에 의한 위험의 방지.pdf
354,제353조,시계의 유지,173,173,card,354_제353조_시계의 유지.pdf
355,제354조,굴착기계등의 사용 금지 등,173,173,card,355_제354조_굴착기계등의 사용 금지 등.pdf
356,제355조,가스제거 등의 조치,173,173,card,356_제355조_가스제거 등의 조치.pdf
357,제356조,용접 등 작업 시의 조치,173,173,card,357_제356조_용접 등 작업 시의 조치.pdf
358,제357조,점화물질 휴대 금지,174,174,card,358_제357조_점화물질 휴대 금지.pdf
359,제358조,방화담당자의 지정 등,174,174,card,359_제358조_방화담당자의 지정 등.pdf
360,제359조,소화설비 등,174,174,card,360_제359조_소화설비 등.pdf
361,제360조,작업의 중지 등,174,174,card,361_제360조_작업의 중지 등.pdf
362,제361조,터널 지보공의 재료,175,175,card,362_제361조_터널 지보공의 재료.pdf
363,제362조,터널 지보공의 구조,175,175,card,363_제362조_터널 지보공의 구조.pdf
364,제363조,조립도,175,175,card,364_제363조_조립도.pdf
365,제364조,조립 또는 변경시의 조치,175,175,card,365_제364조_조립 또는 변경시의 조치.pdf
366,제365조,부재의 해체,176,176,card,366_제365조_부재의 해체.pdf
367,제366조,붕괴 등의 방지,176,176,card,367_제366조_붕괴 등의 방지.pdf
368,제367조,터널 거푸집 및 동바리의 재료,177,177,card,368_제367조_터널 거푸집 및 동바리의 재료.pdf
369,제368조,터널 거푸집 및 동바리의 구조,177,177,card,369_제368조_터널 거푸집 및 동바리의 구조.pdf
370,제369조,작업 시 준수사항,177,177,card,370_제369조_작업 시 준수사항.pdf
371,제370조,지반 붕괴 등의 위험방지,178,178,card,371_제370조_지반 붕괴 등의 위험방지.pdf
372,제371조,인접채석장과의 연락,178,178,card,372_제371조_인접채석장과의 연락.pdf
373,제372조,붕괴 등에 의한 위험 방지,178,178,card,373_제372조_붕괴 등에 의한 위험 방지.pdf
374,제373조,낙반 등에 의한 위험 방지,178,178,card,374_제373조_낙반 등에 의한 위험 방지.pdf
375,제374조,운행경로 등의 주지,179,179,card,375_제374조_운행경로 등의 주지.pdf
376,제375조,굴착기계등의 유도,179,179,card,376_제375조_굴착기계등의 유도.pdf
377,제376조,급격한 침하로 인한 위험 방지,179,179,card,377_제376조_급격한 침하로 인한 위험 방지.pdf
378,제377조,잠함 등 내부에서의 작업,180,180,card,378_제377조_잠함 등 내부에서의 작업.pdf
379,제378조,작업의 금지,180,180,card,379_제378조_작업의 금지.pdf
380,제379조,가설도로,181,181,card,380_제379조_가설도로.pdf
381,제380조,철골조립 시의 위험 방지,181,181,card,381_제380조_철골조립 시의 위험 방지.pdf
382,제381조,승강로의 설치,181,181,card,382_제381조_승강로의 설치.pdf
383,제382조,가설통로의 설치,182,182,card,383_제382조_가설통로의 설치.pdf
384,제383조,작업의 제한,182,182,card,384_제383조_작업의 제한.pdf
385,제384조,해체작업 시 준수사항,182,182,card,385_제384조_해체작업 시 준수사항.pdf
386,제385조,중량물 취급,184,184,card,386_제385조_중량물 취급.pdf
387,제386조,중량물의 구름 위험방지,184,184,card,387_제386조_중량물의 구름 위험방지.pdf
388,제387조,꼬임이 끊어진 섬유로프 등의 사용 금지,186,186,card,388_제387조_꼬임이 끊어진 섬유로프 등의 사용 금지.pdf
389,제388조,사용 전 점검 등,186,186,card,389_제388조_사용 전 점검 등.pdf
390,제389조,화물 중간에서 화물 빼내기 금지,186,186,card,390_제389조_화물 중간에서 화물 빼내기 금지.pdf
391,제390조,하역작업장의 조치기준,186,186,card,391_제390조_하역작업장의 조치기준.pdf
392,제391조,하적단의 간격,187,187,card,392_제391조_하적단의 간격.pdf
393,제392조,하적단의 붕괴 등에 의한 위험방지,187,187,card,393_제392조_하적단의 붕괴 등에 의한 위험방지.pdf
394,제393조,화물의 적재,187,187,card,394_제393조_화물의 적재.pdf
395,제394조,통행설비의 설치 등,188,188,card,395_제394조_통행설비의 설치 등.pdf
396,제395조,급성 중독물질 등에 의한 위험 방지,188,188,card,396_제395조_급성 중독물질 등에 의한 위험 방지.pdf
397,제396조,무포장 화물의 취급방법,188,188,card,397_제396조_무포장 화물의 취급방법.pdf
398,제397조,선박승강설비의 설치,189,189,card,398_제397조_선박승강설비의 설치.pdf
399,제398조,통선 등에 의한 근로자 수송 시의 위험 방지,189,189,card,399_제398조_통선 등에 의한 근로자 수송 시의 위험 방지.pdf
400,제399조,수상의 목재·뗏목 등의 작업 시 위험 방지,189,189,card,400_제399조_수상의 목재·뗏목 등의 작업 시 위험 방지.pdf
401,제400조,베일포장화물의 취급,190,190,card,401_제400조_베일포장화물의 취급.pdf
402,제401조,동시 작업의 금지,190,190,card,402_제401조_동시 작업의 금지.pdf
403,제402조,양하작업 시의 안전조치,190,190,card,403_제402조_양하작업 시의 안전조치.pdf
404,제403조,훅부착슬링의 사용,190,190,card,404_제403조_훅부착슬링의 사용.pdf
405,제404조,로프 탈락 등에 의한 위험방지,190,190,card,405_제404조_로프 탈락 등에 의한 위험방지.pdf
406,제405조,벌목작업 시 등의 위험 방지,192,192,card,406_제405조_벌목작업 시 등의 위험 방지.pdf
407,제406조,벌목의 신호 등,192,192,card,407_제406조_벌목의 신호 등.pdf
408,제407조,열차운행감시인의 배치 등,194,194,card,408_제407조_열차운행감시인의 배치 등.pdf
409,제408조,열차통행 중의 작업 제한,194,194,card,409_제408조_열차통행 중의 작업 제한.pdf
410,제409조,열차의 점검·수리 등,194,194,card,410_제409조_열차의 점검·수리 등.pdf
411,제410조,안전난간 및 울타리의 설치 등,195,195,card,411_제410조_안전난간 및 울타리의 설치 등.pdf
412,제411조,자재의 붕괴·낙하 방지,196,196,card,412_제411조_자재의 붕괴·낙하 방지.pdf
413,제412조,접촉의 방지,196,196,card,413_제412조_접촉의 방지.pdf
414,제413조,제동장치의 구비 등,196,196,card,414_제413조_제동장치의 구비 등.pdf
415,제414조,유도자의 지정 등,196,196,card,415_제414조_유도자의 지정 등.pdf
416,제415조,추락·충돌·협착 등의 방지,197,197,card,416_제415조_추락·충돌·협착 등의 방지.pdf
417,제416조,작업장 등의 시설 정비,197,197,card,417_제416조_작업장 등의 시설 정비.pdf
418,제417조,대피공간,198,198,card,418_제417조_대피공간.pdf
419,제418조,교량에서의 추락 방지,198,198,card,419_제418조_교량에서의 추락 방지.pdf
420,제419조,받침목교환작업 등,198,198,card,420_제419조_받침목교환작업 등.pdf
421,제420조,정의,202,202,card,421_제420조_정의.pdf
422,제421조,적용 제외,203,203,card,422_제421조_적용 제외.pdf
423,제422조,관리대상 유해물질과 관계되는 설비,203,203,card,423_제422조_관리대상 유해물질과 관계되는 설비.pdf
424,제423조,임시작업인 경우의 설비 특례,203,203,card,424_제423조_임시작업인 경우의 설비 특례.pdf
425,제424조,단시간작업인 경우의 설비 특례,204,204,card,425_제424조_단시간작업인 경우의 설비 특례.pdf
426,제425조,국소배기장치의 설비 특례,204,204,card,426_제425조_국소배기장치의 설비 특례.pdf
427,제426조,다른 실내 작업장과 격리되어 있는 작업장에 대한 설비 특례,204,204,card,427_제426조_다른 실내 작업장과 격리되어 있는 작업장에 대한 설비 특례.pdf
428,제427조,대체설비의 설치에 따른 특례,205,205,card,428_제427조_대체설비의 설치에 따른 특례.pdf
429,제428조,유기화합물의 설비 특례,205,205,card,429_제428조_유기화합물의 설비 특례.pdf
430,제429조,국소배기장치의 성능,205,205,card,430_제429조_국소배기장치의 성능.pdf
431,제430조,전체환기장치의 성능 등,205,205,card,431_제430조_전체환기장치의 성능 등.pdf
432,제431조,작업장의 바닥,206,206,card,432_제431조_작업장의 바닥.pdf
433,제432조,부식의 방지조치,206,206,card,433_제432조_부식의 방지조치.pdf
434,제433조,누출의 방지조치,206,206,card,434_제433조_누출의 방지조치.pdf
435,제434조,경보설비 등,207,207,card,435_제434조_경보설비 등.pdf
436,제435조,긴급 차단장치의 설치 등,207,207,card,436_제435조_긴급 차단장치의 설치 등.pdf
437,제436조,작업수칙,207,207,card,437_제436조_작업수칙.pdf
438,제437조,탱크 내 작업,208,208,card,438_제437조_탱크 내 작업.pdf
439,제438조,사고 시의 대피 등,209,209,card,439_제438조_사고 시의 대피 등.pdf
440,제439조,특별관리물질 취급 시 적어야 하는 사항,209,209,card,440_제439조_특별관리물질 취급 시 적어야 하는 사항.pdf
441,제440조,특별관리물질의 고지,210,210,card,441_제440조_특별관리물질의 고지.pdf
442,제441조,사용 전 점검 등,210,210,card,442_제441조_사용 전 점검 등.pdf
443,제442조,명칭 등의 게시,210,210,card,443_제442조_명칭 등의 게시.pdf
444,제443조,관리대상 유해물질의 저장,211,211,card,444_제443조_관리대상 유해물질의 저장.pdf
445,제444조,빈 용기 등의 관리,211,211,card,445_제444조_빈 용기 등의 관리.pdf
446,제445조,청소,211,211,card,446_제445조_청소.pdf
447,제446조,출입의 금지 등,211,211,card,447_제446조_출입의 금지 등.pdf
448,제447조,흡연 등의 금지,212,212,card,448_제447조_흡연 등의 금지.pdf
449,제448조,세척시설 등,212,212,card,449_제448조_세척시설 등.pdf
450,제449조,유해성 등의 주지,212,212,card,450_제449조_유해성 등의 주지.pdf
451,제450조,호흡용 보호구의 지급 등,212,212,card,451_제450조_호흡용 보호구의 지급 등.pdf
452,제451조,보호복 등의 비치 등,213,213,card,452_제451조_보호복 등의 비치 등.pdf
453,제452조,정의,215,215,card,453_제452조_정의.pdf
454,제453조,설비기준 등,215,215,card,454_제453조_설비기준 등.pdf
455,제454조,국소배기장치의 설치·성능,216,216,card,455_제454조_국소배기장치의 설치·성능.pdf
456,제455조,배출액의 처리,216,216,card,456_제455조_배출액의 처리.pdf
457,제456조,사용 전 점검 등,216,216,card,457_제456조_사용 전 점검 등.pdf
458,제457조,출입의 금지,217,217,card,458_제457조_출입의 금지.pdf
459,제458조,흡연 등의 금지,217,217,card,459_제458조_흡연 등의 금지.pdf
460,제459조,명칭 등의 게시,218,218,card,460_제459조_명칭 등의 게시.pdf
461,제460조,유해성 등의 주지,218,218,card,461_제460조_유해성 등의 주지.pdf
462,제461조,용기 등,218,218,card,462_제461조_용기 등.pdf
463,제462조,작업수칙,219,219,card,463_제462조_작업수칙.pdf
464,제463조,잠금장치 등,219,219,card,464_제463조_잠금장치 등.pdf
465,제464조,목욕설비 등,219,219,card,465_제464조_목욕설비 등.pdf
466,제465조,긴급 세척시설 등,220,220,card,466_제465조_긴급 세척시설 등.pdf
467,제466조,누출 시 조치,220,220,card,467_제466조_누출 시 조치.pdf
468,제467조,시료의 채취,220,220,card,468_제467조_시료의 채취.pdf
469,제468조,허가대상 유해물질의 제조·사용 시 적어야 하는 사항,221,221,card,469_제468조_허가대상 유해물질의 제조·사용 시 적어야 하는 사항.pdf
470,제469조,방독마스크의 지급 등,221,221,card,470_제469조_방독마스크의 지급 등.pdf
471,제470조,보호복 등의 비치,221,221,card,471_제470조_보호복 등의 비치.pdf
472,제471조,설비기준,222,222,card,472_제471조_설비기준.pdf
473,제472조,아크로에 대한 조치,223,223,card,473_제472조_아크로에 대한 조치.pdf
474,제473조,가열응착 제품 등의 추출,223,223,card,474_제473조_가열응착 제품 등의 추출.pdf
475,제474조,가열응착 제품 등의 파쇄,223,223,card,475_제474조_가열응착 제품 등의 파쇄.pdf
476,제475조,시료의 채취,223,223,card,476_제475조_시료의 채취.pdf
477,제476조,작업수칙,224,224,card,477_제476조_작업수칙.pdf
478,제486조,직업성 질병의 주지,224,224,card,478_제486조_직업성 질병의 주지.pdf
479,제487조,유지·관리,224,224,card,479_제487조_유지·관리.pdf
480,제488조,일반석면조사,225,225,card,480_제488조_일반석면조사.pdf
481,제489조,석면해체·제거작업 계획 수립,225,225,card,481_제489조_석면해체·제거작업 계획 수립.pdf
482,제490조,경고표지의 설치,226,226,card,482_제490조_경고표지의 설치.pdf
483,제491조,개인보호구의 지급·착용,226,226,card,483_제491조_개인보호구의 지급·착용.pdf
484,제492조,출입의 금지,227,227,card,484_제492조_출입의 금지.pdf
485,제493조,흡연 등의 금지,227,227,card,485_제493조_흡연 등의 금지.pdf
486,제494조,위생설비의 설치 등,227,227,card,486_제494조_위생설비의 설치 등.pdf
487,제495조,석면해체·제거작업 시의 조치,228,228,card,487_제495조_석면해체·제거작업 시의 조치.pdf
488,제496조,석면함유 잔재물 등의 처리,229,229,card,488_제496조_석면함유 잔재물 등의 처리.pdf
489,제497조,잔재물의 흩날림 방지,229,229,card,489_제497조_잔재물의 흩날림 방지.pdf
490,제497조의2,석면해체·제거작업 기준의 적용 특례,229,229,card,490_제497조의2_석면해체·제거작업 기준의 적용 특례.pdf
491,제497조의3,석면함유 폐기물 처리 작업 시 조치,229,229,card,491_제497조의3_석면함유 폐기물 처리 작업 시 조치.pdf
492,제498조,정의,231,231,card,492_제498조_정의.pdf
493,제499조,설비기준 등,231,231,card,493_제499조_설비기준 등.pdf
494,제500조,국소배기장치의 성능 등,232,232,card,494_제500조_국소배기장치의 성능 등.pdf
495,제501조,바닥,233,233,card,495_제501조_바닥.pdf
496,제502조,유해성 등의 주지,233,233,card,496_제502조_유해성 등의 주지.pdf
497,제503조,용기,234,234,card,497_제503조_용기.pdf
498,제504조,보관,235,235,card,498_제504조_보관.pdf
499,제505조,출입의 금지 등,235,235,card,499_제505조_출입의 금지 등.pdf
500,제506조,흡연 등의 금지,236,236,card,500_제506조_흡연 등의 금지.pdf
501,제507조,누출 시 조치,236,236,card,501_제507조_누출 시 조치.pdf
502,제508조,세안설비 등,236,236,card,502_제508조_세안설비 등.pdf
503,제509조,금지유해물질의 제조·사용 시 적어야 하는 사항,236,236,card,503_제509조_금지유해물질의 제조·사용 시 적어야 하는 사항.pdf
504,제510조,보호구 등,237,237,card,504_제510조_보호구 등.pdf
505,제511조,호흡용 보호구,237,237,card,505_제511조_호흡용 보호구.pdf
506,제512조,정의,239,239,card,506_제512조_정의.pdf
507,제513조,소음 감소 조치,240,240,card,507_제513조_소음 감소 조치.pdf
508,제514조,소음수준의 주지 등,240,240,card,508_제514조_소음수준의 주지 등.pdf
509,제515조,난청발생에 따른 조치,240,240,card,509_제515조_난청발생에 따른 조치.pdf
510,제516조,청력보호구의 지급 등,240,240,card,510_제516조_청력보호구의 지급 등.pdf
511,제517조,청력보존 프로그램 시행 등,241,241,card,511_제517조_청력보존 프로그램 시행 등.pdf
512,제518조,진동보호구의 지급 등,241,241,card,512_제518조_진동보호구의 지급 등.pdf
513,제519조,유해성 등의 주지,241,241,card,513_제519조_유해성 등의 주지.pdf
514,제521조,진동기계·기구의 관리,241,241,card,514_제521조_진동기계·기구의 관리.pdf
515,제522조,정의,243,243,card,515_제522조_정의.pdf
516,제523조,작업실 공기의 부피,243,243,card,516_제523조_작업실 공기의 부피.pdf
517,제524조,기압조절실 공기의 부피와 환기 등,243,243,card,517_제524조_기압조절실 공기의 부피와 환기 등.pdf
518,제525조,공기청정장치,244,244,card,518_제525조_공기청정장치.pdf
519,제526조,배기관,244,244,card,519_제526조_배기관.pdf
520,제527조,압력계,244,244,card,520_제527조_압력계.pdf
521,제528조,자동경보장치 등,245,245,card,521_제528조_자동경보장치 등.pdf
522,제529조,피난용구,245,245,card,522_제529조_피난용구.pdf
523,제530조,공기조,245,245,card,523_제530조_공기조.pdf
524,제531조,압력조절기,246,246,card,524_제531조_압력조절기.pdf
525,제532조,가압의 속도,246,246,card,525_제532조_가압의 속도.pdf
526,제533조,감압의 속도,246,246,card,526_제533조_감압의 속도.pdf
527,제534조,감압의 특례 등,246,246,card,527_제534조_감압의 특례 등.pdf
528,제535조,감압 시의 조치,247,247,card,528_제535조_감압 시의 조치.pdf
529,제536조,감압상황의 기록 등,247,247,card,529_제536조_감압상황의 기록 등.pdf
530,제536조의2,잠수기록의 작성·보존,247,247,card,530_제536조의2_잠수기록의 작성·보존.pdf
531,제537조,부상의 속도 등,248,248,card,531_제537조_부상의 속도 등.pdf
532,제538조,부상의 특례 등,248,248,card,532_제538조_부상의 특례 등.pdf
533,제539조,연락,248,248,card,533_제539조_연락.pdf
534,제540조,배기·침하 시의 조치,249,249,card,534_제540조_배기·침하 시의 조치.pdf
535,제541조,발파하는 경우의 조치,249,249,card,535_제541조_발파하는 경우의 조치.pdf
536,제542조,화상 등의 방지,249,249,card,536_제542조_화상 등의 방지.pdf
537,제543조,잠함작업실 굴착의 제한,250,250,card,537_제543조_잠함작업실 굴착의 제한.pdf
538,제544조,송기량,250,250,card,538_제544조_송기량.pdf
539,제545조,스쿠버 잠수작업 시 조치,250,250,card,539_제545조_스쿠버 잠수작업 시 조치.pdf
540,제546조,고농도 산소의 사용 제한,251,251,card,540_제546조_고농도 산소의 사용 제한.pdf
541,제547조,표면공급식 잠수작업 시 조치,251,251,card,541_제547조_표면공급식 잠수작업 시 조치.pdf
542,제548조,잠수신호기의 게양,252,252,card,542_제548조_잠수신호기의 게양.pdf
543,제549조,관리감독자의 휴대기구,252,252,card,543_제549조_관리감독자의 휴대기구.pdf
544,제550조,출입의 금지,252,252,card,544_제550조_출입의 금지.pdf
545,제551조,고압작업설비의 점검 등,252,252,card,545_제551조_고압작업설비의 점검 등.pdf
546,제552조,잠수작업 설비의 점검 등,253,253,card,546_제552조_잠수작업 설비의 점검 등.pdf
547,제553조,사용 전 점검 등,253,253,card,547_제553조_사용 전 점검 등.pdf
548,제554조,사고가 발생한 경우의 조치,253,253,card,548_제554조_사고가 발생한 경우의 조치.pdf
549,제555조,점검 결과의 기록,254,254,card,549_제555조_점검 결과의 기록.pdf
550,제556조,고기압에서의 작업시간,254,254,card,550_제556조_고기압에서의 작업시간.pdf
551,제557조,잠수시간,254,254,card,551_제557조_잠수시간.pdf
552,제558조,정의,256,256,card,552_제558조_정의.pdf
553,제559조,고열작업 등,256,256,card,553_제559조_고열작업 등.pdf
554,제560조,온도·습도 조절 등,257,257,card,554_제560조_온도·습도 조절 등.pdf
555,제561조,환기장치의 설치 등,258,258,card,555_제561조_환기장치의 설치 등.pdf
556,제562조,고열·폭염장해 예방 조치,258,258,card,556_제562조_고열·폭염장해 예방 조치.pdf
557,제563조,한랭장해 예방 조치,259,259,card,557_제563조_한랭장해 예방 조치.pdf
558,제564조,다습장해 예방 조치,260,260,card,558_제564조_다습장해 예방 조치.pdf
559,제565조,가습,260,260,card,559_제565조_가습.pdf
560,제566조,휴식 등,260,260,card,560_제566조_휴식 등.pdf
561,제567조,휴게시설의 설치,260,260,card,561_제567조_휴게시설의 설치.pdf
562,제568조,갱내의 온도,261,261,card,562_제568조_갱내의 온도.pdf
563,제569조,출입의 금지,261,261,card,563_제569조_출입의 금지.pdf
564,제570조,세척시설 등,262,262,card,564_제570조_세척시설 등.pdf
565,제571조,소금과 음료수 등의 비치,262,262,card,565_제571조_소금과 음료수 등의 비치.pdf
566,제572조,보호구의 지급 등,262,262,card,566_제572조_보호구의 지급 등.pdf
567,제573조,정의,264,264,card,567_제573조_정의.pdf
568,제574조,방사성물질의 밀폐 등,264,264,card,568_제574조_방사성물질의 밀폐 등.pdf
569,제575조,방사선관리구역의 지정 등,265,265,card,569_제575조_방사선관리구역의 지정 등.pdf
570,제576조,방사선 장치실,265,265,card,570_제576조_방사선 장치실.pdf
571,제577조,방사성물질 취급 작업실,265,265,card,571_제577조_방사성물질 취급 작업실.pdf
572,제578조,방사성물질 취급 작업실의 구조,266,266,card,572_제578조_방사성물질 취급 작업실의 구조.pdf
573,제579조,게시 등,266,266,card,573_제579조_게시 등.pdf
574,제580조,차폐물 설치 등,266,266,card,574_제580조_차폐물 설치 등.pdf
575,제581조,국소배기장치 등,266,266,card,575_제581조_국소배기장치 등.pdf
576,제582조,방지설비,267,267,card,576_제582조_방지설비.pdf
577,제583조,방사성물질 취급용구,267,267,card,577_제583조_방사성물질 취급용구.pdf
578,제584조,용기 등,267,267,card,578_제584조_용기 등.pdf
579,제585조,오염된 장소에서의 조치,267,267,card,579_제585조_오염된 장소에서의 조치.pdf
580,제586조,방사성물질의 폐기물 처리,268,268,card,580_제586조_방사성물질의 폐기물 처리.pdf
581,제587조,보호구의 지급 등,268,268,card,581_제587조_보호구의 지급 등.pdf
582,제588조,오염된 보호구 등의 폐기,268,268,card,582_제588조_오염된 보호구 등의 폐기.pdf
583,제589조,세척시설 등,268,268,card,583_제589조_세척시설 등.pdf
584,제590조,흡연 등의 금지,269,269,card,584_제590조_흡연 등의 금지.pdf
585,제591조,유해성 등의 주지,269,269,card,585_제591조_유해성 등의 주지.pdf
586,제592조,정의,271,271,card,586_제592조_정의.pdf
587,제593조,적용 범위,271,271,card,587_제593조_적용 범위.pdf
588,제594조,감염병 예방 조치 등,272,272,card,588_제594조_감염병 예방 조치 등.pdf
589,제595조,유해성 등의 주지,272,272,card,589_제595조_유해성 등의 주지.pdf
590,제596조,환자의 가검물 등에 의한 오염 방지 조치,272,272,card,590_제596조_환자의 가검물 등에 의한 오염 방지 조치.pdf
591,제597조,혈액노출 예방 조치,273,273,card,591_제597조_혈액노출 예방 조치.pdf
592,제598조,혈액노출 조사 등,274,274,card,592_제598조_혈액노출 조사 등.pdf
593,제599조,세척시설 등,274,274,card,593_제599조_세척시설 등.pdf
594,제600조,개인보호구의 지급 등,274,274,card,594_제600조_개인보호구의 지급 등.pdf
595,제601조,예방 조치,275,275,card,595_제601조_예방 조치.pdf
596,제602조,노출 후 관리,276,276,card,596_제602조_노출 후 관리.pdf
597,제603조,예방 조치,276,276,card,597_제603조_예방 조치.pdf
598,제604조,노출 후 관리,277,277,card,598_제604조_노출 후 관리.pdf
599,제605조,정의,279,279,card,599_제605조_정의.pdf
600,제606조,적용 제외,279,279,card,600_제606조_적용 제외.pdf
601,제607조,국소배기장치의 설치,280,280,card,601_제607조_국소배기장치의 설치.pdf
602,제608조,전체환기장치의 설치,280,280,card,602_제608조_전체환기장치의 설치.pdf
603,제609조,국소배기장치의 성능,280,280,card,603_제609조_국소배기장치의 성능.pdf
604,제611조,설비에 의한 습기 유지,281,281,card,604_제611조_설비에 의한 습기 유지.pdf
605,제612조,사용 전 점검 등,281,281,card,605_제612조_사용 전 점검 등.pdf
606,제613조,청소의 실시,281,281,card,606_제613조_청소의 실시.pdf
607,제614조,분진의 유해성 등의 주지,282,282,card,607_제614조_분진의 유해성 등의 주지.pdf
608,제615조,세척시설 등,282,282,card,608_제615조_세척시설 등.pdf
609,제616조,호흡기보호 프로그램 시행 등,282,282,card,609_제616조_호흡기보호 프로그램 시행 등.pdf
610,제617조,호흡용 보호구의 지급 등,282,282,card,610_제617조_호흡용 보호구의 지급 등.pdf
611,제618조,정의,284,284,card,611_제618조_정의.pdf
612,제619조,밀폐공간 작업 프로그램의 수립·시행,284,284,card,612_제619조_밀폐공간 작업 프로그램의 수립·시행.pdf
613,제619조의2,산소 및 유해가스 농도의 측정,285,285,card,613_제619조의2_산소 및 유해가스 농도의 측정.pdf
614,제620조,환기 등,285,285,card,614_제620조_환기 등.pdf
615,제621조,인원의 점검,286,286,card,615_제621조_인원의 점검.pdf
616,제622조,출입의 금지,286,286,card,616_제622조_출입의 금지.pdf
617,제623조,감시인의 배치 등,286,286,card,617_제623조_감시인의 배치 등.pdf
618,제624조,안전대 등,286,286,card,618_제624조_안전대 등.pdf
619,제625조,대피용 기구의 비치,287,287,card,619_제625조_대피용 기구의 비치.pdf
620,제626조,상시 가동되는 급·배기 환기장치를 설치한 경우의 특례,287,287,card,620_제626조_상시 가동되는 급·배기 환기장치를 설치한 경우의 특례.pdf
621,제627조,유해가스의 처리 등,287,287,card,621_제627조_유해가스의 처리 등.pdf
622,제628조,이산화탄소를 사용하는 소화기에 대한 조치,288,288,card,622_제628조_이산화탄소를 사용하는 소화기에 대한 조치.pdf
623,제628조의2,이산화탄소를 사용하는 소화설비 및 소화용기에 대한 조치,288,288,card,623_제628조의2_이산화탄소를 사용하는 소화설비 및 소화용기에 대한 조치.pdf
624,제629조,용접 등에 관한 조치,289,289,card,624_제629조_용접 등에 관한 조치.pdf
625,제630조,불활성기체의 누출,290,290,card,625_제630조_불활성기체의 누출.pdf
626,제631조,불활성기체의 유입 방지,290,290,card,626_제631조_불활성기체의 유입 방지.pdf
627,제632조,냉장실 등의 작업,291,291,card,627_제632조_냉장실 등의 작업.pdf
628,제633조,출입구의 임의잠김 방지,291,291,card,628_제633조_출입구의 임의잠김 방지.pdf
629,제634조,가스배관공사 등에 관한 조치,291,291,card,629_제634조_가스배관공사 등에 관한 조치.pdf
630,제635조,압기공법에 관한 조치,292,292,card,630_제635조_압기공법에 관한 조치.pdf
631,제636조,지하실 등의 작업,292,292,card,631_제636조_지하실 등의 작업.pdf
632,제637조,설비 개조 등의 작업,293,293,card,632_제637조_설비 개조 등의 작업.pdf
633,제638조,사후조치,293,293,card,633_제638조_사후조치.pdf
634,제639조,사고 시의 대피 등,293,293,card,634_제639조_사고 시의 대피 등.pdf
635,제640조,긴급 구조훈련,294,294,card,635_제640조_긴급 구조훈련.pdf
636,제641조,안전한 작업방법 등의 주지,294,294,card,636_제641조_안전한 작업방법 등의 주지.pdf
637,제642조,의사의 진찰,295,295,card,637_제642조_의사의 진찰.pdf
638,제643조,구출 시 공기호흡기 또는 송기마스크의 사용,295,295,card,638_제643조_구출 시 공기호흡기 또는 송기마스크의 사용.pdf
639,제644조,보호구의 지급 등,295,295,card,639_제644조_보호구의 지급 등.pdf
640,제646조,정의,297,297,card,640_제646조_정의.pdf
641,제647조,공기정화설비등의 가동,297,297,card,641_제647조_공기정화설비등의 가동.pdf
642,제648조,공기정화설비등의 유지관리,298,298,card,642_제648조_공기정화설비등의 유지관리.pdf
643,제649조,사무실공기 평가,298,298,card,643_제649조_사무실공기 평가.pdf
644,제650조,실외 오염물질의 유입 방지,298,298,card,644_제650조_실외 오염물질의 유입 방지.pdf
645,제651조,미생물오염 관리,298,298,card,645_제651조_미생물오염 관리.pdf
646,제652조,건물 개·보수 시 공기오염 관리,299,299,card,646_제652조_건물 개·보수 시 공기오염 관리.pdf
647,제653조,사무실의 청결 관리,299,299,card,647_제653조_사무실의 청결 관리.pdf
648,제654조,보호구의 지급 등,300,300,card,648_제654조_보호구의 지급 등.pdf
649,제655조,유해성 등의 주지,300,300,card,649_제655조_유해성 등의 주지.pdf
650,제656조,정의,302,302,card,650_제656조_정의.pdf
651,제657조,유해요인 조사,302,302,card,651_제657조_유해요인 조사.pdf
652,제658조,유해요인 조사 방법 등,303,303,card,652_제658조_유해요인 조사 방법 등.pdf
653,제659조,작업환경 개선,303,303,card,653_제659조_작업환경 개선.pdf
654,제660조,통지 및 사후조치,303,303,card,654_제660조_통지 및 사후조치.pdf
655,제661조,유해성 등의 주지,304,304,card,655_제661조_유해성 등의 주지.pdf
656,제662조,근골격계질환 예방관리 프로그램 시행,304,304,card,656_제662조_근골격계질환 예방관리 프로그램 시행.pdf
657,제663조,중량물의 제한,305,305,card,657_제663조_중량물의 제한.pdf
658,제664조,작업 시간과 휴식시간 등의 배분,305,305,card,658_제664조_작업 시간과 휴식시간 등의 배분.pdf
659,제665조,중량의 표시 등,305,305,card,659_제665조_중량의 표시 등.pdf
660,제666조,작업자세 등,305,305,card,660_제666조_작업자세 등.pdf
661,제667조,컴퓨터 단말기 조작업무에 대한 조치,307,307,card,661_제667조_컴퓨터 단말기 조작업무에 대한 조치.pdf
662,제668조,비전리전자기파에 의한 건강장해 예방 조치,307,307,card,662_제668조_비전리전자기파에 의한 건강장해 예방 조치.pdf
663,제669조,직무스트레스에 의한 건강장해 예방 조치,308,308,card,663_제669조_직무스트레스에 의한 건강장해 예방 조치.pdf
664,제670조,농약원재료 방제작업 시의 조치,309,309,card,664_제670조_농약원재료 방제작업 시의 조치.pdf
665,제672조,특수형태근로종사자에 대한 안전조치 및 보건조치,311,311,card,665_제672조_특수형태근로종사자에 대한 안전조치 및 보건조치.pdf
666,제673조,배달종사자에 대한 안전조치 등,312,312,card,666_제673조_배달종사자에 대한 안전조치 등.pdf
667,제674조,규제의 재검토,312,312,card,667_제674조_규제의 재검토.pdf
