업종,순번,제목,재해유형,기인물_품목,기인물_대분류
서비스업,1,엘리베이터 수리 작업 중 끼임,끼임,엘리베이터,운반·인양기계
서비스업,2,승강기 검사 중 추락,추락,승강기,운반·인양기계
서비스업,3,쓰레기 수거 작업 중 끼임,끼임,작업대,가설구조물·고소설비
서비스업,4,벌목 작업 중 깔림,깔림,벌도목(나무),자연물·환경
서비스업,5,계선줄 해체 작업 중 훅에 맞음,맞음,와이어로프,운반물·자재
서비스업,6,배기 설비 수리 중 추락,추락,작업발판,가설구조물·고소설비
서비스업,7,저수조 상부에서 물 수위 확인 중 내부로 빠짐,추락,저수조,건축물·구조물
서비스업,8,가지치기 작업 중 맞음,추락,고소작업대,가설구조물·고소설비
서비스업,9,화물차 견인 중 물체에 맞음,맞음,화물자동차,차량·건설기계
서비스업,10,탈거되는 배관 마감 캡에 맞음,맞음,배관,운반물·자재
서비스업,11,인양 중인 고철이 낙하하여 맞음,낙하,고철,운반물·자재
서비스업,12,양식장 수조에 지게차 빠짐,익사,지게차,운반·인양기계
서비스업,13,벌도목 조재 작업 중 맞음,맞음,벌도목(나무),자연물·환경
서비스업,14,떨어진 폐기물 더미에 맞음,맞음,지게차,운반·인양기계
서비스업,15,하역작업 중 해상으로 추락,추락,수중(물),자연물·환경
서비스업,16,화물자동차 적재함에서 떨어짐,떨어짐,화물자동차,차량·건설기계
서비스업,17,폐기물 수집차 보수 작업중 적재함에 깔림,깔림,적재물,운반물·자재
서비스업,18,통신케이블 포설 작업중 감전,감전,전기설비,전기설비
서비스업,20,[사고예방가이드]골프카트&LSV 사고예방가이드,복합(3건),복합사례집·가이드,복합·자료집
서비스업,21,리프트 하역작업 중 깔림,깔림,리프트,운반·인양기계
서비스업,22,자동세차기 회전부에 끼임,끼임,세차기,기계·설비
서비스업,23,피킹작업자와 지게차 부딪힘,충돌,지게차,운반·인양기계
서비스업,24,지게차에 부착한 균형추에 협착,협착,지게차,운반·인양기계
서비스업,25,폐기물 차량 확인 중 끼임,끼임,차량,차량·건설기계
서비스업,26,차량 선적 작업 중 추락,추락,차량,차량·건설기계
서비스업,27,승강기 수리 중 끼임 및 추락,끼임,승강기,운반·인양기계
서비스업,28,걸려있던 벌도목에 맞음,맞음,벌도목(나무),자연물·환경
서비스업,29,사다리 작업 중 떨어짐,떨어짐,사다리,가설구조물·고소설비
서비스업,30,벌도목 조재 작업 중 베임,베임,벌도목(나무),자연물·환경
서비스업,31,지게차 후진 중 깔림,깔림,지게차,운반·인양기계
서비스업,32,화물자동차에서 추락하는 수라에 맞음,맞음,화물자동차,차량·건설기계
서비스업,33,승강기 검사 중 승강기 불시 하강으로 작업자 떨어짐,떨어짐,승강기,운반·인양기계
서비스업,34,어선 하역 작업 중 추락,추락,선박,선박·해양
서비스업,35,안전표지 부착 중 추락,추락,표지구조물,건축물·구조물
서비스업,36,파쇄기 정비 작업 중 끼임,끼임,파쇄기,기계·설비
서비스업,37,벌도목 조재 작업 중 깔림,깔림,벌도목(나무),자연물·환경
서비스업,38,생활폐기물 수거 중 끼임,끼임,적재물,운반물·자재
서비스업,39,컨테이너 야드에서 이동 중 지게차에 깔림,깔림,지게차,운반·인양기계
서비스업,40,조재 작업 중 벌도목 맞음,맞음,벌도목(나무),자연물·환경
서비스업,41,작업 후 온열질환으로 사망,기타,고온(온열),작업환경
서비스업,42,이동식 사다리에서 떨어짐,떨어짐,사다리,가설구조물·고소설비
서비스업,43,빙판 바닥에 미끄러짐,전도,바닥(미끄럼),작업환경
서비스업,44,탱크 보수작업 중 화재/폭발,화재,탱크,압력용기·탱크
서비스업,45,지붕 고압 물청소 중 떨어짐,떨어짐,지붕,건축물·구조물
서비스업,46,잠수 작업 중 사망,질식,유해가스,화학물질·가스
서비스업,47,벌목한 나무에 머리맞음,맞음,벌도목(나무),자연물·환경
서비스업,48,이동식 사다리에서 떨어짐,떨어짐,사다리,가설구조물·고소설비
서비스업,49,화물차에 적재된 양곡 톤 백 상부에서 떨어짐,떨어짐,화물자동차,차량·건설기계
서비스업,50,경사로를 올라온 로더에 깔림,깔림,로더,차량·건설기계
서비스업,51,후진 중 전도된 차량에 깔림,깔림,차량,차량·건설기계
서비스업,52,튕겨나온 타이어에 맞아 사망,맞음,타이어(차량부속),차량·건설기계
서비스업,53,지게차 전면부 프레임과 마스트 사이 끼임,끼임,지게차,운반·인양기계
서비스업,54,추차방지 턱에 걸려 넘어짐,전도,바닥(전도),작업환경
서비스업,55,전도목 절단작업 중 감전,감전,전기설비,전기설비
서비스업,56,기계식 주차장 내부에서 추락,추락,개구부,건축물·구조물
서비스업,57,저수조 약품공급 배관 점검 중 추락,추락,저수조,건축물·구조물
서비스업,58,암롤박스 상단에서 추락,추락,롤,기계·설비
서비스업,59,상토혼합기 회전날에 끼임,끼임,혼합기,기계·설비
서비스업,60,자동차 매연 검사 중 바퀴와 롤러 사이에 끼임,끼임,롤러,기계·설비
서비스업,61,전등 교체 중 사다리에서 추락,추락,사다리,가설구조물·고소설비
서비스업,62,우드칩 차량과 충돌,충돌,화물자동차,차량·건설기계
서비스업,63,후진하는 스키드로더와 충돌,충돌,스키드로더,차량·건설기계
서비스업,64,지붕 위에서 이동 중 추락,추락,지붕,건축물·구조물
서비스업,65,에어컨 실외기 점검 중 추락,추락,고소작업대,가설구조물·고소설비
서비스업,66,바지락 채취작업 중 어선전복,익사,선박,선박·해양
서비스업,67,국솥 열매체유 폭발,폭발,국솥,기계·설비
서비스업,68,오더피커 플랫폼에서 추락,추락,오더피커,운반·인양기계
서비스업,69,적재된 각파이프 묶음에 끼임,끼임,파이프,운반물·자재
서비스업,70,벌목작업 중 나뭇가지 날아와 충돌,충돌,벌도목(나무),자연물·환경
서비스업,71,화물차 운전석 측 후륜에 깔림,깔림,화물자동차,차량·건설기계
서비스업,72,선박에서 차량 하역작업 중 지게차 사이에 끼임,끼임,지게차,운반·인양기계
서비스업,73,이동식크레인으로 닻 상차작업 중 적재함 사이에 끼임,끼임,크레인,운반·인양기계
서비스업,74,경비원이 빌딩 인접 화단 청소 후 이동 중 추락,추락,화단,건축물·구조물
서비스업,75,순환골재라인 컨베이어에서 이동 후 콘크러셔로 추락,추락,컨베이어,운반·인양기계
서비스업,76,워킹카 화물 적재함 후미에서 시료 채취작업 중 끼임,끼임,적재물,운반물·자재
서비스업,77,건물 외벽 경관조명 보수작업 중 달비계에서 추락,추락,비계,가설구조물·고소설비
서비스업,78,전신주에서 변압기 보수작업 중 발판 상부에서 추락,추락,작업발판,가설구조물·고소설비
서비스업,79,선박 내부 소화설비 보수작업 중 이산화탄소 누출로 질식,질식,선박,선박·해양
서비스업,80,고철 상차작업 중 굴착기와 트럭 적재함 사이에 끼임,끼임,굴착기,차량·건설기계
서비스업,81,굴착기로 폐기물 적재작업 중 암롤박스 상부에서 추락,추락,굴착기,차량·건설기계
서비스업,82,식자재 하역작업 중 지게차와 냉동 탑차 사이에 끼임,끼임,지게차,운반·인양기계
서비스업,83,이동식비계 상부에서 은행나무 전지작업 중 추락,추락,비계,가설구조물·고소설비
서비스업,84,A형 사다리에서 해체작업 중 판넬에 맞아 추락,추락,사다리,가설구조물·고소설비
서비스업,85,부두 창고 하역작업 중 트레일러 적재물에서 추락,추락,트레일러,차량·건설기계
서비스업,86,아파트 인접 도로측 화단의 수목 전지작업중 추락,추락,화단,건축물·구조물
서비스업,87,공장 천장 누수부위 보수작업중 천장재 파손으로 추락,추락,작업발판,가설구조물·고소설비
서비스업,88,가스충전소 수목 전지작업중 기계실 지붕 파손으로 추락,추락,지붕,건축물·구조물
서비스업,89,농가인근 나무 벌목작업 중 전도되는 굴착기에 깔려 사망,깔림,굴착기,차량·건설기계
서비스업,90,A형 이동식사다리에서 전등 교체작업 중 추락,추락,사다리,가설구조물·고소설비
서비스업,91,자력선별기 회전벨트 이물질 제거작업 중 끼임,끼임,벨트,기계·설비
서비스업,92,드럼에 저장된 부동액을 공기압축기로 이송 중 드럼이 파열,폭발,드럼,압력용기·탱크
서비스업,93,소나무 벌도목 절단작업 중 기계톱에 베임,베임,벌도목(나무),자연물·환경
서비스업,94,소나무 벌목 작업 중 벌도목에 깔림,깔림,벌도목(나무),자연물·환경
서비스업,95,LPG 저장탱크 개방검사 준비 작업중 화재,화재,저장탱크,압력용기·탱크
서비스업,96,저장탱크 용접 작업 중 폭발,폭발,저장탱크,압력용기·탱크
서비스업,97,반응기 세척작업 중 정전기에 의한 인화성 액체 폭발,폭발,반응기,압력용기·탱크
서비스업,98,유류(휘발유) 저장탱크 청소작업 중 폭발,폭발,저장탱크,압력용기·탱크
서비스업,99,지게차 전면부 프레임과 마스트 사이 끼임,끼임,지게차,운반·인양기계
서비스업,100,`18년 12월 중대재해사례,복합(2건),리프트,운반·인양기계
서비스업,101,`18년 11월 중대재해사례,맞음,벌도목(나무),자연물·환경
서비스업,102,`18년 10월 중대재해사례,복합(2건),간이리프트,운반·인양기계
서비스업,103,`18년 9월 중대재해사례,복합(2건),리프트,운반·인양기계
서비스업,104,`18년 8월 중대재해사례,복합(2건),승강기,운반·인양기계
서비스업,105,`18년 7월 중대재해사례,복합(2건),리프트,운반·인양기계
서비스업,106,`18년 6월 중대재해사례,복합(2건),작업발판,가설구조물·고소설비
서비스업,107,`18년 5월 중대재해사례,복합(2건),대차,운반·인양기계
서비스업,108,`18년 4월 중대재해사례,복합(4건),지게차,운반·인양기계
서비스업,109,`18년 3월 중대재해사례,복합(2건),롤,기계·설비
서비스업,110,`18년 2월 중대재해사례,복합(2건),비계,가설구조물·고소설비
서비스업,111,`18년 1월 중대재해사례,복합(2건),지게차,운반·인양기계
서비스업,112,'17년 11월 중대재해사례,복합(3건),수조(물),자연물·환경
서비스업,113,'17년 10월 중대재해사례,복합(3건),화물자동차,차량·건설기계
서비스업,114,기계식 주차설비 가이드레일 교체작업 중 팔레트 이탈 추락,추락,기계식주차설비,기계·설비
서비스업,115,쓰레기수거차 후미 작업발판에서 떨어져 후진 차량에 충돌,충돌,작업발판,가설구조물·고소설비
서비스업,116,경사로 정차 지게차 불시 전진으로 끼여 사망,끼임,지게차,운반·인양기계
서비스업,117,차량탑재형 고소작업대 전도로 추락 부상,추락,고소작업대,가설구조물·고소설비
서비스업,118,보일러용 폐연료탱크 가스절단 중 잔류 인화성 액체 폭발,폭발,보일러,압력용기·탱크
서비스업,119,일반작업용 리프트 와이어로프 파단으로 추락 부상,떨어짐,리프트,운반·인양기계
서비스업,120,방음벽 기초용 콘크리트 판넬 뒤집혀 사이에 끼여 사망,끼임,적재물,운반물·자재
서비스업,121,벨트컨베이어 캐리어 롤러와 벨트 사이에 끼여 사망,끼임,컨베이어,운반·인양기계
서비스업,122,지게차 파이프 하차 중 떨어진 파이프에 맞음,맞음,지게차,운반·인양기계
서비스업,123,경사지붕 이동 중 7.2m 아래로 떨어짐,떨어짐,지붕,건축물·구조물
서비스업,124,기계식 주차장 감지기 교체 중 대차에 끼임,끼임,대차,운반·인양기계
서비스업,125,후진하던 로우더에 충돌,충돌,로더,차량·건설기계
서비스업,126,표지석과 차량 사이에 끼임,깔림,차량,차량·건설기계
서비스업,127,지게차 위 전신주 로프 고정작업 중 추락,추락,지게차,운반·인양기계
서비스업,128,세탁물 하역작업 중 운반카트와 함께 떨어짐,떨어짐,카트,차량·건설기계
서비스업,129,기인물(나무) 중대재해 복합사례,복합(2건),벌도목(나무),자연물·환경
서비스업,130,유류 탱크로리 상부에서 검수 중 떨어짐,떨어짐,탱크,압력용기·탱크
서비스업,131,창틀 청소 중 옥외 주차장 지붕에서 떨어짐,떨어짐,지붕,건축물·구조물
서비스업,132,이동식크레인 상부 작업 중 크레인 기울며 떨어짐,떨어짐,크레인,운반·인양기계
서비스업,133,벌크선박 선적작업 중 선창으로 떨어짐,떨어짐,선박,선박·해양
서비스업,134,기인물(로우더) 중대재해 복합사례,복합(2건),로더,차량·건설기계
서비스업,135,이삿짐운반용 리프트 운반구 위에서 떨어짐,떨어짐,리프트,운반·인양기계
서비스업,136,나무 현수막 철거 중 사다리에서 떨어짐,떨어짐,사다리,가설구조물·고소설비
서비스업,137,기인물(지게차) 중대재해 복합사례,복합(2건),지게차,운반·인양기계
서비스업,138,이동식크레인 상부 작업 중 크레인 기울며 떨어짐,떨어짐,크레인,운반·인양기계
서비스업,139,골프장 옷장 위 청소작업 중 떨어짐,떨어짐,작업발판,가설구조물·고소설비
서비스업,140,기계식주차장치 리프트와 파레트 사이에 끼임,끼임,리프트,운반·인양기계
서비스업,141,세차기 조작 중 세차기와 벽 사이에 끼임,끼임,세차기,기계·설비
서비스업,142,시내버스 차고지 주차관리 중 버스에 충돌,충돌,차량,차량·건설기계
서비스업,143,소나무 도르래 사용 중 소나무가 넘어져 깔림,깔림,벌도목(나무),자연물·환경
서비스업,144,도소매및소비자용품수리업 중대재해사례(탱크로리·세차기·지게차),복합(3건),지게차,운반·인양기계
서비스업,145,창틀 청소작업 중 옥외 주차장 지붕에서 떨어짐,떨어짐,지붕,건축물·구조물
서비스업,146,후진하는 로더 뒷바퀴에 깔려 사망,깔림,로더,차량·건설기계
서비스업,147,육상화물 취급업 중대재해사례(지게차 낙하·이삿짐리프트 추락),복합(2건),지게차,운반·인양기계
서비스업,148,벌크선박 선적작업 중 선창으로 떨어짐,떨어짐,선박,선박·해양
서비스업,149,시내버스 차고지 주차관리 중 버스에 충돌,충돌,차량,차량·건설기계
서비스업,150,건물관리업 중대재해사례(주차장치·나무·셔블로더·사다리·옷장),복합(5건),로더,차량·건설기계
서비스업,151,‘15~’16년 기인물(차량) 중대재해 사례집,복합(5건),차량,차량·건설기계
서비스업,152,‘15~’16년 기인물(기관차) 중대재해 사례집,복합(2건),기관차,차량·건설기계
서비스업,153,‘15~’16년 기인물(청소차량) 중대재해 사례집,복합(4건),청소차량,차량·건설기계
서비스업,154,‘15~’16년 기인물(계단) 중대재해 사례집,복합(3건),계단,건축물·구조물
서비스업,155,‘15~’16년 기인물(지붕) 중대재해 사례집,복합(2건),지붕,건축물·구조물
서비스업,156,‘15~’16년 기인물(기타) 중대재해 사례집,복합(18건),기타,기타(명시)
서비스업,157,‘15~’16년 기인물(기계_기구) 중대재해 사례집,복합(11건),기계·기구,기타(명시)
서비스업,158,‘15~’16년 기인물(양중기) 중대재해 사례집,복합(7건),양중기,기타(명시)
서비스업,159,‘15~’16년 기인물(사다리) 중대재해 사례집,복합(9건),사다리,가설구조물·고소설비
서비스업,160,‘15~’16년 기인물(달비계) 중대재해 사례집,복합(5건),비계,가설구조물·고소설비
서비스업,161,‘15~’16년 기인물(지게차) 중대재해 사례집,복합(5건),지게차,운반·인양기계
서비스업,162,'15~'16년 기인물(굴삭기) 중대재해 사례집,복합(3건),굴착기,차량·건설기계
서비스업,163,'15~'16년 기인물(전선) 중대재해 사례집,복합(2건),전선,전기설비
서비스업,164,'15~'16년 골프장_경마장운영업 중대재해 사례집,복합(3건),복합사례집·가이드,복합·자료집
서비스업,165,'15~'16년 오락및문화서비스업 중대재해 사례집,복합(2건),복합사례집·가이드,복합·자료집
서비스업,166,'15~'16년 건물관리업 중대재해 사례집,복합(24건),복합사례집·가이드,복합·자료집
서비스업,167,'15~'16년 도소매업 중대재해 사례집,복합(14건),복합사례집·가이드,복합·자료집
서비스업,168,'15~'16년 건설업본사 중대재해 사례집,복합(2건),복합사례집·가이드,복합·자료집
서비스업,169,'15~'16년 개인및가사서비스업 중대재해 사례집,복합(2건),복합사례집·가이드,복합·자료집
서비스업,170,'15~'16년 기타 서비스업 중대재해 사례집,복합(12건),복합사례집·가이드,복합·자료집
서비스업,171,'15~'16년 음식및숙박업 중대재해 사례집,복합(2건),복합사례집·가이드,복합·자료집
서비스업,172,'15~'16년 특수화물운수업 중대재해 사례집,복합(2건),복합사례집·가이드,복합·자료집
서비스업,173,'15~'16년 위생및유사서비스업 중대재해 사례집,복합(16건),복합사례집·가이드,복합·자료집
서비스업,174,'15~'16년 창고업 중대재해 사례집,복합(2건),복합사례집·가이드,복합·자료집
서비스업,175,'15~'16년 육상화물취급업 중대재해 사례집,복합(2건),복합사례집·가이드,복합·자료집
서비스업,176,'15~'16년 항만하역업 중대재해 사례집,복합(4건),복합사례집·가이드,복합·자료집
서비스업,177,'15~'16년 기인물(화물) 중대재해 사례집,복합(8건),화물,기타(명시)
서비스업,178,'15~'16년 기인물(기계식 주차장치) 중대재해 사례집,복합(3건),기계식 주차장치,기타(명시)
서비스업,179,'15~'16년 운수업 중대재해사례집,복합(3건),복합사례집·가이드,복합·자료집
서비스업,180,'15~'16년 철도궤도운수업 중대재해사례집,복합(2건),복합사례집·가이드,복합·자료집
서비스업,181,지게차 포크에서 떨어진 화물로 인한 맞아 사망,맞음,지게차,운반·인양기계
서비스업,182,LPG 저장탱크 내 용접작업 중 화재,화재,저장탱크,압력용기·탱크
서비스업,183,달비계작업 중 메인로프가 파단되어 떨어져 사망,떨어짐,비계,가설구조물·고소설비
서비스업,184,소각로 청소작업 중 푸셔에 끼임,끼임,소각로,기계·설비
서비스업,185,이물질 제거 중 램 피더에 끼어 사망,끼임,램피더,기계·설비
서비스업,186,음식물쓰레기 수거처리시설(호퍼)에 떨어짐,떨어짐,호퍼,압력용기·탱크
서비스업,187,자동포장기 점검 중 설비에 의한 끼임,끼임,포장기,기계·설비
서비스업,188,화물차량 하역 작업 중 적재물에 끼어 사망,깔림,화물자동차,차량·건설기계
서비스업,189,고소작업대 난간사이로 떨어져 사망,떨어짐,고소작업대,가설구조물·고소설비
서비스업,190,기계식 주차설비 가이드 레일 교체작업 중 떨어짐,떨어짐,기계식주차설비,기계·설비
서비스업,191,형강자재 하역작업 중 떨어져 사망,떨어짐,형강,운반물·자재
서비스업,192,도로변 제초작업 중 차량 이탈 타이어에 맞음,맞음,타이어(차량부속),차량·건설기계
서비스업,193,주차타워 운전 준비 중 개구부로 떨어짐,떨어짐,개구부,건축물·구조물
서비스업,194,화물자동차(1톤) 하역작업 중 떨어짐,떨어짐,화물자동차,차량·건설기계
서비스업,195,풀베기 작업 중 옹벽에서 떨어짐,떨어짐,옹벽,건축물·구조물
서비스업,196,번지점프 중 떨어져 사망,떨어짐,미분류,미분류
서비스업,197,사다리에서 제품 운반 중 떨어짐,떨어짐,사다리,가설구조물·고소설비
서비스업,198,소형 화물트럭에 경비원 충돌,충돌,화물자동차,차량·건설기계
서비스업,199,이동식 크레인 바스켓에서 추락,추락,크레인,운반·인양기계
서비스업,200,폐기물 하차용 집게차에 끼임,끼임,집게차,차량·건설기계
서비스업,201,청소차량 후미 작업발판에서 떨어짐,떨어짐,작업발판,가설구조물·고소설비
서비스업,202,스위퍼기계 동력전달부에 감김,감김,스위퍼,기계·설비
서비스업,203,설비 도색작업 달비계에서 떨어짐,떨어짐,비계,가설구조물·고소설비
서비스업,204,지게차 하역작업 중 적재물에 깔림,깔림,지게차,운반·인양기계
서비스업,205,폐기물 운반중인 로더에 깔림,깔림,로더,차량·건설기계
서비스업,206,암롤(Arm-roll)차량 후진 중 깔림,깔림,롤,기계·설비
서비스업,207,골재 상차작업 중 덤프트럭에 부딪힘,충돌,덤프트럭,차량·건설기계
서비스업,208,수로 청소 중 넘어짐,전도,수로,건축물·구조물
서비스업,209,고온 소각재 비산접촉,화상,수조(물),자연물·환경
서비스업,210,건설폐기물처리장 로우더에 깔림,깔림,로더,차량·건설기계
서비스업,211,골재붕괴로 인한 매몰,붕괴,굴착기,차량·건설기계
서비스업,212,리프트 운반구 낙하에 의한 끼임,끼임,리프트,운반·인양기계
서비스업,213,폐기물 수거차량에서 떨어짐,떨어짐,차량,차량·건설기계
서비스업,214,전기판넬 청소 중 감전,감전,전기설비,전기설비
서비스업,215,건물미화 작업 중 계단에서 넘어짐,전도,계단,건축물·구조물
서비스업,216,가로수 위에서 작업 중 떨어짐,떨어짐,작업발판,가설구조물·고소설비
서비스업,217,아파트 계단 청소 중 넘어짐,전도,계단,건축물·구조물
서비스업,218,난간교체 작업 중 지면으로 떨어짐,떨어짐,난간,건축물·구조물
서비스업,219,틀비계 작업 중 떨어짐,떨어짐,비계,가설구조물·고소설비
서비스업,220,건물외벽 청소 작업 중 떨어짐,떨어짐,건물외벽,건축물·구조물
서비스업,221,잡초 제거 중 골프장용 카트에 부딪힘,충돌,골프카트,차량·건설기계
서비스업,222,지하주차장 미화작업 중 열사병,기타,고온(온열),작업환경
서비스업,223,천정내부 작업 중 감전,감전,전기설비,전기설비
서비스업,224,일반 작업용 리프트 운반구 낙하에 의한 끼임,끼임,리프트,운반·인양기계
서비스업,225,트레일러에 의한 사업장내 교통사고,끼임,트레일러,차량·건설기계
서비스업,226,폐기물 수거차량에서 떨어짐,떨어짐,차량,차량·건설기계
서비스업,227,프레스 압입작업 중 금형사이에 끼임,끼임,프레스,기계·설비
서비스업,228,승강기 점검 중 피트바닥으로 떨어짐,떨어짐,승강기,운반·인양기계
서비스업,229,구내도로 청소작업 중 화물차량에 부딪힘,충돌,화물자동차,차량·건설기계
서비스업,230,전기판넬 청소 중 감전,감전,전기설비,전기설비
서비스업,231,크레인 작업 중 청수유닛 뒤집힘,깔림,크레인,운반·인양기계
서비스업,232,저수지 물고기 수거작업 중 익사,익사,수중(물),자연물·환경
서비스업,233,잡초 제거 중 골프장용 카트에 부딪힘,충돌,골프카트,차량·건설기계
서비스업,234,폐드럼통 산소절단 작업 중 폭발,폭발,드럼,압력용기·탱크
서비스업,235,항타기 리더 기복작업 중 깔림,깔림,크레인,운반·인양기계
서비스업,236,미화작업 도중 열사병으로 사망,기타,고온(온열),작업환경
서비스업,237,컨베이어 사이 끼임으로 인한 사망,끼임,컨베이어,운반·인양기계
서비스업,238,건물 천정내부 전기작업 중 감전 사망,감전,전기설비,전기설비
서비스업,239,선박 선창 산소결핍에 의한 질식,질식,산소결핍공기,화학물질·가스
서비스업,240,모래살포기를 사용하여 살포작업 중 경사로 아래로 추락,추락,표지구조물,건축물·구조물
서비스업,241,음식물 쓰레기 처리작업중 저장호퍼에 빠져 사망,질식,호퍼,압력용기·탱크
서비스업,242,레미콘 출하장에서 레미콘 차량 후진 중 부딪혀 사망,충돌,차량,차량·건설기계
서비스업,243,잔가지 청소 작업 중 옹벽 상단에서 떨어져 사망,떨어짐,옹벽,건축물·구조물
서비스업,244,C.O.S 작업 중 감전으로 떨어져 사망,감전,전기설비,전기설비
서비스업,245,선박안전비품 인양작업 중 해상으로 떨어져 사망,떨어짐,선박,선박·해양
서비스업,246,지게차 펄프 번들 적출 작업 중 흔들림으로 인한 충돌 사망,충돌,지게차,운반·인양기계
서비스업,247,천장에서 떨어져 바닥에 머리 충돌 사망,떨어짐,작업발판,가설구조물·고소설비
서비스업,248,운전석에 타지 않은 채 시동 걸다가 불시출발로 끼임 사망,끼임,미분류,미분류
서비스업,249,카고트럭에 모터그레이더 상차작업 중 끼임 사망,끼임,화물자동차,차량·건설기계
서비스업,250,건물외벽 보수작업중 3층 높이에서 떨어져 사망,떨어짐,건물외벽,건축물·구조물
서비스업,251,스크린 기계설비 상부에서 작업 중 떨어져 사망,떨어짐,미분류,미분류
서비스업,252,형광등 교체 작업중 사다리에서 추락하여 사망,떨어짐,사다리,가설구조물·고소설비
서비스업,253,골프장 연못에 빠져 익사,익사,수중(물),자연물·환경
서비스업,254,로더 뒷바퀴에 깔려 사망,깔림,로더,차량·건설기계
서비스업,255,운전중인 컨베이어에 신체일부가 감김 사망,감김,컨베이어,운반·인양기계
서비스업,256,비상계단 보안등 교체 작업 중 이동식 사다리에서 떨어져 사망,떨어짐,사다리,가설구조물·고소설비
서비스업,257,고속도로 주행중인 차량과 충돌 사망,충돌,차량,차량·건설기계
서비스업,258,지붕 처마 코킹 작업 중 이동식 사다리에서 떨어짐 사망,떨어짐,사다리,가설구조물·고소설비
서비스업,259,통신주에서 작업중 보안등 전선에 감전 후 떨어져 사망,감전,전선,전기설비
서비스업,260,벨트컨베이어 풀리(드럼) 청소 작업 중 감김 사망,감김,컨베이어,운반·인양기계
서비스업,261,컨베이어 로울러 표면 이물질 제거작업 중 하부 로울러에 협착 사망,협착,컨베이어,운반·인양기계
서비스업,262,지게차로 트레일러에 상차작업중 스틸파이프가 떨어져 협착하여 사망함,깔림,지게차,운반·인양기계
서비스업,263,쓰레기 수거/운반 화물차량 뒤편발판에 탑승하여 이동 중 떨어져 사망,떨어짐,화물자동차,차량·건설기계
서비스업,264,폐기물 상차 작업 중 급속한 화재로 인한 사망,화재,굴착기,차량·건설기계
서비스업,265,OO역 지선 스크린도어(안전문) 점검중 진입하는 전동차와 부딪혀 사망,충돌,도어,건축물·구조물
서비스업,266,철근더미가 크레인에서 떨어지면서 맞음,맞음,크레인,운반·인양기계
서비스업,267,석재분쇄 롤크라샤 이물질제거 작업중 롤과 롤사이에 감겨 사망,감김,크러셔,기계·설비
서비스업,268,주차된 너클크레인(집게크레인)의 불시 이동에 따른 끼임 사망,끼임,크레인,운반·인양기계
서비스업,269,축사 지붕 철거작업 중 지붕 선라이트 부분 파손으로 콘크리트 바닥으로 떨어져 사망,떨어짐,지붕,건축물·구조물
서비스업,270,청소차량 후미의 파카에 끼임,끼임,청소차량,차량·건설기계
서비스업,271,운행중인 지게차에 부딪혀 사망,충돌,지게차,운반·인양기계
서비스업,272,인터넷 선로 작업을 위해 지붕으로 올라가다 떨어짐,떨어짐,지붕,건축물·구조물
서비스업,273,LPG 탱크로리 차량 하부 점검 중 감김 사망,감김,탱크,압력용기·탱크
서비스업,274,마트 내 청소작업 중 무빙워크와 벽면 광고판 사이에 목이 끼임,끼임,미분류,미분류
서비스업,275,덮개가 날아가면서 반동되는 기계의 덮개 프레임에 부딪힘,폭발,덮개,건축물·구조물
서비스업,276,닥트 내부 청소 상태 확인 중 냉각실 하부로 떨어짐,떨어짐,작업발판,가설구조물·고소설비
서비스업,277,화물자동차 적재함에서 떨어짐,떨어짐,화물자동차,차량·건설기계
서비스업,278,누수방지 천장 난방밸브 작업중 사다리에서 떨어져 지면에 머리를 부딪힘,떨어짐,사다리,가설구조물·고소설비
서비스업,279,수출화물 인양작업 중 홀드내로 떨어져 사망,떨어짐,크레인,운반·인양기계
서비스업,280,집게 크레인에서 재생품이 떨어져 맞음,맞음,크레인,운반·인양기계
서비스업,281,탱크컨테이너 상부 검사작업 중 떨어짐,떨어짐,탱크,압력용기·탱크
서비스업,282,트레일러 샤시와 지게차 백레스트 사이에 협착 사망,협착,지게차,운반·인양기계
서비스업,283,아파트 집수정에서 신체의 중심을 잃고 추락,익사,개구부,건축물·구조물
서비스업,284,냉동탑차 적재함에서 미끄러져 사망,떨어짐,적재물,운반물·자재
서비스업,285,버스 정비 중 바퀴 프레임과 타이어 사이에 끼여 사망,끼임,차량,차량·건설기계
서비스업,286,배수로 청소작업 중 옹벽에서 추락 사망,추락,옹벽,건축물·구조물
서비스업,287,설비결함 점검 중 기계식 주차장치에서 추락사망,추락,미분류,미분류
서비스업,288,파이프더미 붕괴로 인해 작업자 압착 사망,붕괴,파이프,운반물·자재
서비스업,289,도로변에서 물주기 작업중 트럭에 치여 사망,충돌,화물자동차,차량·건설기계
서비스업,290,빌딩 계단을 통행 중 발 헛디딤으로 넘어져 사망,전도,계단,건축물·구조물
서비스업,291,폐 콘크리트 재생공정의 컨베이어에 끼여 사망,끼임,컨베이어,운반·인양기계
서비스업,292,아파트 외부 유리창 청소 중 달비계에서 추락사망,추락,비계,가설구조물·고소설비
서비스업,293,화단 조경석 위에서 쓰레기 버리던중 추락사망,추락,화단,건축물·구조물
서비스업,294,승강기 검사시 카를 가동시켜 승강로 사이에 끼여 사망,끼임,승강기,운반·인양기계
서비스업,295,카고크레인 작업대(바스켓)에서 사진촬영 중 추락 사망,추락,크레인,운반·인양기계
서비스업,296,에어컨 설치작업 중 A형 사다리가 전복되면서 사망,추락,사다리,가설구조물·고소설비
서비스업,297,트럭 적재함에 실은 원형의 기다란 중량물과 함께 추락하여 사망,추락,화물자동차,차량·건설기계
서비스업,298,차량에 탑승하지 않은 채 시동 걸었다가 불시출발로 끼여 사망,끼임,차량,차량·건설기계
서비스업,299,창고지붕 위에서 작업중 채광창을 밟아 추락 사망,추락,지붕,건축물·구조물
서비스업,300,산소절단기로 폐드럼 절단 중 폭발 사망,폭발,절단기,기계·설비
서비스업,301,엘리베이터 청소 위해 문 개방한 후 곧이어 추락 사망,추락,엘리베이터,운반·인양기계
서비스업,302,골프장 내 연못의 녹조류 제거작업 중 실족하여 익사,익사,수중(물),자연물·환경
서비스업,303,후진하는 버스 후륜에 머리가 끼여 사망,끼임,차량,차량·건설기계
서비스업,304,통신케이블 이설작업 중 통신주가 넘어지면서 함께 추락 사망,전도,바닥(전도),작업환경
서비스업,305,옥상에서 외벽을 통해 계단실 창문으로 넘던 중 추락 사망,추락,계단,건축물·구조물
서비스업,306,공공하수 처리시설내 기계실 작업 중 메탄가스 폭발 사망,폭발,가스,화학물질·가스
서비스업,307,야적된 토사 절취작업 중 매몰되어 사망,붕괴,미분류,미분류
서비스업,308,사다리를 타고 건물옥상에서 내려오던 하던 중 추락 사망,추락,사다리,가설구조물·고소설비
서비스업,309,달비계를 사용하여 건물 외벽청소작업 중 추락 사망,추락,비계,가설구조물·고소설비
서비스업,310,작업장 통로입구에서 화물차와 충돌 사망,충돌,화물자동차,차량·건설기계
서비스업,311,아파트 에어컨 실외기 분리작업 중 추락,추락,작업발판,가설구조물·고소설비
서비스업,312,수직순환식 주차설비 운반기에 끼여 사망,끼임,기계식주차설비,기계·설비
서비스업,313,후진하는 굴삭기와 화물차 사이에 충돌 사망,충돌,굴착기,차량·건설기계
서비스업,314,기계식 주차설비 작업 중 추락,추락,기계식주차설비,기계·설비
서비스업,315,지게차 운행 중 근로자와 부딪혀 사망,충돌,지게차,운반·인양기계
서비스업,316,산소-프로판 가스 용단기 사용 중 폭발,폭발,가스,화학물질·가스
서비스업,317,선박 용접 작업중 폭발 사망,폭발,용접작업,수공구·작업
서비스업,318,강관비계 이동작업 중 추락 사망,추락,비계,가설구조물·고소설비
서비스업,319,선박용 와이어윈치 작동 중 드럼과 하부구조물에 협착 사망,협착,드럼,압력용기·탱크
서비스업,320,건물 집수정 개구부에 추락하여 사망,추락,개구부,건축물·구조물
서비스업,321,이동식 사다리 작업 중 추락에 의한 사망,추락,사다리,가설구조물·고소설비
서비스업,322,간이리프트 낙하로 인한 사망,깔림,간이리프트,운반·인양기계
서비스업,323,건물외벽청소중 청소용고리 탈착으로 추락 사망,추락,건물외벽,건축물·구조물
서비스업,324,계단에서 내려오던 중 넘어져 사망,전도,계단,건축물·구조물
서비스업,325,쓰레기 수거 중 통신케이블에 걸려 추락 사망,추락,적재물,운반물·자재
서비스업,326,굴삭기 이동 중 철판이 전도되어 사망,깔림,굴착기,차량·건설기계
서비스업,327,롤러 이물질 제거작업 중 협착되어 사망,협착,롤러,기계·설비
서비스업,328,화물차 적재작업 중 추락 사망,추락,화물자동차,차량·건설기계
서비스업,329,폐기물 포집용 집수조에 추락하여 사망,익사,집수조,건축물·구조물
서비스업,330,이동식비계 작업 중 추락으로 사망,추락,비계,가설구조물·고소설비
서비스업,331,쓰레기 적재함 연결작업 중 두부외상에 의한 사망,기타,적재물,운반물·자재
서비스업,332,시설점검용 개구부에 추락하여 사망,추락,개구부,건축물·구조물
서비스업,333,주유소 폭발로 인한 사망,폭발,배관,운반물·자재
서비스업,334,철도 건널목 감시업무 중 열차와 충돌,충돌,미분류,미분류
서비스업,335,스티로폼 분쇄기 칼날에 협착되어 사망,협착,분쇄기,기계·설비
서비스업,336,환경정화작업에 나무를 톱으로 베던 중 추락하여 사망,추락,벌도목(나무),자연물·환경
서비스업,337,전기실 고압배전반에 전력설비 감시장치 설치작업 중 감전 사망,감전,배전반,전기설비
서비스업,338,압축진개차 개폐장치(파카)와 적재함 사이에 협착사망,협착,적재물,운반물·자재
서비스업,339,청소차 탑승하여 이동 중 추락하여 사망,추락,청소차량,차량·건설기계
서비스업,340,아파트 베란다 지붕 방수공사 중 추락에 의해 사망,추락,지붕,건축물·구조물
서비스업,341,건물 외벽 청소작업 중 추락하여 사망,추락,건물외벽,건축물·구조물
서비스업,342,아파트 야간 순찰 중 전도에 의해 사망,전도,강관,운반물·자재
서비스업,343,골프장 내 벙커 정리작업 중 추락하여 사망,추락,난간,건축물·구조물
서비스업,344,오수관 퇴적물 제거 작업중 고압호스가 머리를 강타하여 사망,맞음,미분류,미분류
서비스업,345,밤피절단기 이전설치 작업 중 감전되어 사망,감전,절단기,기계·설비
제조업,1,컨베이어에 끼임,끼임,컨베이어,운반·인양기계
제조업,2,구조물 도장 작업 중 중량물 낙하,깔림,중량물,운반물·자재
제조업,3,P.C 콘크리트 슬래브에 끼임,끼임,중량물,운반물·자재
제조업,4,드릴기 천공 작업 중 말림,감김,덮개,건축물·구조물
제조업,5,이동식 사다리에서 작업 중 추락,추락,사다리,가설구조물·고소설비
제조업,6,배관 내부에서 작업 중 질식,질식,배관,운반물·자재
제조업,7,톨루엔 취급 중 화재발생,화재,유기용제,화학물질·가스
제조업,8,천장주행 크레인 인양물 낙하,깔림,크레인,운반·인양기계
제조업,9,작업대에서 떨어진 생산품에 맞음,맞음,작업대,가설구조물·고소설비
제조업,10,지게차 작업 중 뒷바퀴에 깔림,깔림,지게차,운반·인양기계
제조업,11,흡입관 내부 보수작업 중 화재,화재,가스,화학물질·가스
제조업,12,산업용로봇 점검 중 끼임,끼임,산업용로봇,기계·설비
제조업,13,롤러기 표면 청소 중 끼임,끼임,롤러기,기계·설비
제조업,14,인양작업 중 이탈한 화물에 맞음,맞음,수중(물),자연물·환경
제조업,15,청소 작업 중 저수조 빠짐,추락,저수조,건축물·구조물
제조업,16,금형 작업 중 깔림,깔림,금형,기계·설비
제조업,17,공드럼통 용단작업 중 폭발,폭발,드럼,압력용기·탱크
제조업,18,이차전지 파쇄작업 중 화재,화재,분진,화학물질·가스
제조업,19,자재 운반작업 중 추락,추락,자재,운반물·자재
제조업,20,컨베이어에 팔이 끼임,끼임,컨베이어,운반·인양기계
제조업,21,고소작업대와 구조물 사이에 끼임,끼임,고소작업대,가설구조물·고소설비
제조업,22,충진기 교체 작업 중 추락,추락,작업발판,가설구조물·고소설비
제조업,23,화물자동차 적재함과 지게차 사이에 끼임,끼임,지게차,운반·인양기계
제조업,24,적재품 정리 작업 중 추락,추락,적재물,운반물·자재
제조업,25,프레스 비정형 작업 중 끼임,끼임,프레스,기계·설비
제조업,26,잔량처리 작업 준비 중 끼임,끼임,계단,건축물·구조물
제조업,27,개구부 덮개 상부에서 작업 중 떨어짐,떨어짐,개구부,건축물·구조물
제조업,28,산소절단 작업 중 화재폭발,폭발,탱크,압력용기·탱크
제조업,29,후진하는 지게차와 벽 사이에 끼임,끼임,지게차,운반·인양기계
제조업,30,운반물 하차작업 중 떨어짐,떨어짐,난간,건축물·구조물
제조업,31,벌목 작업 중 맞음 사고 발생,맞음,벌도목(나무),자연물·환경
제조업,32,산업용 로봇과 설비 사이에 끼임,끼임,산업용로봇,기계·설비
제조업,33,탱크 컨테이너 세척 작업 중 중독,질식,탱크,압력용기·탱크
제조업,34,설비에 코일 장착 작업 중 코일에 깔림,깔림,코일,운반물·자재
제조업,35,용기 충전 작업 중 화학물질에 노출,복합(2건),화학물질,화학물질·가스
제조업,36,청소차 제동이 되지 않아 벽에 충돌,충돌,청소차량,차량·건설기계
제조업,37,코일 운반 작업 중 코일 사이에 끼임,끼임,코일,운반물·자재
제조업,38,CNC 선반 가공 작업 중 맞음,맞음,선반,기계·설비
제조업,39,파이프 재고 파악 중 끼임,끼임,파이프,운반물·자재
제조업,40,선반 가공 작업 중 말림,감김,선반,기계·설비
제조업,41,파지 운반 작업 중 추락,추락,개구부,건축물·구조물
제조업,42,강관 세척 작업 중 깔림,깔림,강관,운반물·자재
제조업,43,설비 해체 작업 중 떨어짐,떨어짐,미분류,미분류
제조업,44,컨베이어 보수작업 중 끼임,끼임,컨베이어,운반·인양기계
제조업,45,지게차 포크에서 작업 중 추락,추락,지게차,운반·인양기계
제조업,46,슬러리 피트 내부 작업 중 황화수소 중독,질식,피트,건축물·구조물
제조업,47,화물 상차 작업 중 떨어짐,떨어짐,화물자동차,차량·건설기계
제조업,48,쏟아지는 원료에 깔림,깔림,원료(분체),운반물·자재
제조업,49,폐드럼통 용단 작업 중 폭발,복합(2건),드럼,압력용기·탱크
제조업,50,집진기 백필터 교체 작업 중 화재 폭발,폭발,분진,화학물질·가스
제조업,51,프레스 작업 중 날아오는 물체에 맞음,맞음,프레스,기계·설비
제조업,52,산업용 로봇 구조물에 끼임,끼임,산업용로봇,기계·설비
제조업,53,화물 자동차 상부 작업 중 떨어짐,떨어짐,적재물,운반물·자재
제조업,54,상차 작업 중 떨어짐,떨어짐,화물자동차,차량·건설기계
제조업,55,금형 가공 작업 중 깔림,깔림,금형,기계·설비
제조업,56,용접 준비 작업 중 회전부에 끼임,끼임,용접작업,수공구·작업
제조업,57,상판 설치 작업 중 떨어짐,떨어짐,난간,건축물·구조물
제조업,58,넘어지는 형틀에 깔림,깔림,바닥(전도),작업환경
제조업,59,금형 교체 작업 중 떨어지는 금형에 깔림,깔림,금형,기계·설비
제조업,60,코일 결속 밴드 절단작업 중 깔림,깔림,코일,운반물·자재
제조업,61,용접 작업 중 지게차에 깔림,깔림,지게차,운반·인양기계
제조업,62,블로우 몰딩기 작업중 금형에 끼임,끼임,성형기,기계·설비
제조업,63,레이저 절단기 안전문에 끼임,끼임,절단기,기계·설비
제조업,64,화물자동차 상차 작업 중 추락,추락,화물자동차,차량·건설기계
제조업,65,원단 이송용 롤러 사이에 끼임,복합(2건),롤러,기계·설비
제조업,66,CNC 선반으로 절단작업 중 강관에 맞음,맞음,강관,운반물·자재
제조업,67,지게차와 부딪힘,충돌,지게차,운반·인양기계
제조업,68,지게차 덧발 지그와 철골기둥 사이에 끼임,끼임,지게차,운반·인양기계
제조업,69,"인화성 가스캔 압축설비 가동중 화재, 폭발 발생",폭발,가스,화학물질·가스
제조업,70,인쇄기 청소작업중 끼임,끼임,인쇄기,기계·설비
제조업,71,줄걸이 작업 중 코일에 깔림,깔림,코일,운반물·자재
제조업,72,드럼통을 절단하던 중 폭발,폭발,드럼,압력용기·탱크
제조업,73,블록 생산 중 큐빙기에 끼임,끼임,큐빙기,기계·설비
제조업,74,천장주행크레인 인양물에 밀려 열탕조에 빠짐,익사,크레인,운반·인양기계
제조업,75,지게차에 끼임,끼임,지게차,운반·인양기계
제조업,76,선재 코일에 깔림,깔림,코일,운반물·자재
제조업,77,덮개가 개방된 개구부에서 떨어짐,떨어짐,개구부,건축물·구조물
제조업,78,폐비닐용 압축기 청소 중 끼임,끼임,압축기,기계·설비
제조업,79,폐기물 하역작업 중 적재물에 깔림,깔림,적재물,운반물·자재
제조업,80,평판타발기에 협착,협착,타발기,기계·설비
제조업,81,탈착기에서 이탈된 캐스팅에 맞음,맞음,중량물,운반물·자재
제조업,82,천장크레인 권상된 중량물에 깔림,깔림,크레인,운반·인양기계
제조업,83,이중천장(EPS패널)에서 떨어짐,떨어짐,작업발판,가설구조물·고소설비
제조업,84,이동식 사다리 위에서 작업중 떨어짐,떨어짐,사다리,가설구조물·고소설비
제조업,85,무너져 내리는 골재에 깔림,깔림,적재물,운반물·자재
제조업,86,넘어지는 화물에 깔림,깔림,바닥(전도),작업환경
제조업,87,낙석물 청소작업 중 끼임,끼임,컨베이어,운반·인양기계
제조업,88,콘크리트 믹서트럭 정비 중 끼임,끼임,화물자동차,차량·건설기계
제조업,89,청소작업 중 롤러에 끼임,끼임,롤러,기계·설비
제조업,90,차량계 하역운반기계에 협착,협착,차량,차량·건설기계
제조업,91,옥상 방수 보수작업중 추락,추락,지붕,건축물·구조물
제조업,92,수변전실 정비 중 감전,감전,전기설비,전기설비
제조업,93,사다리작업 중 떨어짐,떨어짐,사다리,가설구조물·고소설비
제조업,94,비산재 제거 작업중 매몰,붕괴,비산재(분체),운반물·자재
제조업,95,노면 청소차에 깔림,깔림,청소차량,차량·건설기계
제조업,96,공기재킷 산소오접속 화재,화재,가스,화학물질·가스
제조업,97,잠수작업중익사(제조업외),익사,수중(물),자연물·환경
제조업,98,벌목작업중벌도목에맞음(제조업외),맞음,벌도목(나무),자연물·환경
제조업,99,화물자동차적재함에서떨어짐,떨어짐,화물자동차,차량·건설기계
제조업,100,컨베이어불시기동으로끼임,끼임,컨베이어,운반·인양기계
제조업,101,청소작업중특고압감전,감전,전기설비,전기설비
제조업,102,중량물적재작업중추락,추락,적재물,운반물·자재
제조업,103,양망기조작작업중끼임,끼임,롤러,기계·설비
제조업,104,벨트컨베이어에끼임,끼임,컨베이어,운반·인양기계
제조업,105,로더로골재운반작업중충돌,충돌,로더,차량·건설기계
제조업,106,갠트리크레인새들과구조물사이에끼임,끼임,갠트리크레인,운반·인양기계
제조업,107,컨베이어 하단 정리작업중 맞음,맞음,컨베이어,운반·인양기계
제조업,108,밀링기 슬라이드 사이에 끼임,끼임,밀링기,기계·설비
제조업,109,채석작업 중 석재에 깔림,깔림,굴착기,차량·건설기계
제조업,110,사출성형기 형판 사이에 끼임,끼임,사출성형기,기계·설비
제조업,111,갑판도장 작업중 추락,추락,난간,건축물·구조물
제조업,112,무대구조물 설치작업중 넘어짐,전도,바닥(전도),작업환경
제조업,113,지게차를 이용한 운반작업중 깔림,깔림,지게차,운반·인양기계
제조업,114,천장택스 위 이동중 추락,추락,작업발판,가설구조물·고소설비
제조업,115,폐드럼 절단작업중 폭발,폭발,드럼,압력용기·탱크
제조업,116,휠로더 정비작업중 끼임,끼임,로더,차량·건설기계
제조업,117,크레인 새들과 구조물 사이에 끼임,끼임,크레인,운반·인양기계
제조업,118,코일하차 작업중 끼임,끼임,코일,운반물·자재
제조업,119,[사고예방 가이드]집진설비 화재사고예방가이드,화재,복합사례집·가이드,복합·자료집
제조업,121,벌크백 운반작업 중 섬유로프 파단에 의해 낙하물에 맞음,낙하,수중(물),자연물·환경
제조업,122,스크랩 상차 작업 중 맞음,맞음,차량,차량·건설기계
제조업,123,지붕 유지보수 작업 중 추락,추락,지붕,건축물·구조물
제조업,124,파쇄기 정비준비작업 중 끼임,끼임,파쇄기,기계·설비
제조업,125,저장탱크 상부에서 작업 중 추락,추락,저장탱크,압력용기·탱크
제조업,126,격벽 설치작업 중 깔림,깔림,중량물,운반물·자재
제조업,127,분진취급설비 청소작업 중 화재,화재,분진,화학물질·가스
제조업,128,유리운반 작업 중 전도되는 유리에 깔림,깔림,대차,운반·인양기계
제조업,129,적재함을 타고 올라가던 중 추락,추락,적재물,운반물·자재
제조업,130,전등설치 작업중 추락,추락,작업발판,가설구조물·고소설비
제조업,131,집진기 필터교체 작업 중 매몰,붕괴,개구부,건축물·구조물
제조업,132,철근다발 하역작업 중 깔림,깔림,철근,운반물·자재
제조업,133,코일하차 작업 중 추락,추락,코일,운반물·자재
제조업,134,파렛트위치 수정작업 중 끼임,끼임,팰릿,운반물·자재
제조업,135,작업장 보행 중 지게차와 충돌,충돌,지게차,운반·인양기계
제조업,136,설비 레이아웃 변경 작업 중 감전,감전,전기설비,전기설비
제조업,137,크레인 점검 중 추락,추락,크레인,운반·인양기계
제조업,138,하강하는 쇼트기 덮개에 끼임,끼임,덮개,건축물·구조물
제조업,139,전단기 정비 작업 중 끼임,끼임,전단기,기계·설비
제조업,140,시동을 정지하지 않은 지게차와 부딪힘,충돌,지게차,운반·인양기계
제조업,141,비료교반기 보수작업 중 추락,추락,교반기,기계·설비
제조업,142,경사로 지게차 운행 중 깔림,깔림,지게차,운반·인양기계
제조업,143,포장지 교체 작업 중 끼임,끼임,미분류,미분류
제조업,144,화물자동차 상차 작업 중 추락,추락,화물자동차,차량·건설기계
제조업,145,드레그체인 컨베이어 상부에서 추락,추락,컨베이어,운반·인양기계
제조업,146,지게차 포크에 삽입된 화물 낙하,낙하,지게차,운반·인양기계
제조업,147,언코일러 작업 중 기계에 끼임,끼임,코일,운반물·자재
제조업,148,지게차 출하작업 중 끼임,끼임,지게차,운반·인양기계
제조업,149,지게차와 열차사이에 끼임,끼임,지게차,운반·인양기계
제조업,150,언로더 정비 작업 중 끼임,끼임,로더,차량·건설기계
제조업,151,리프트에 탑승하여 화물 운반 작업 중 떨어짐,떨어짐,리프트,운반·인양기계
제조업,152,구조물 위에서 용접작업 중 떨어짐,떨어짐,용접작업,수공구·작업
제조업,153,불량제품 수정작업 중 프레스에 끼임,끼임,프레스,기계·설비
제조업,154,압롤박스 하부에서 작업하던 중 깔림,깔림,롤,기계·설비
제조업,155,수소 카트리지 용기 검사 중 깔림,깔림,카트,차량·건설기계
제조업,156,콘크리트 블록 생산 중 끼임,끼임,미분류,미분류
제조업,157,밸브 기밀시험 중 시트덮개에 맞음,맞음,덮개,건축물·구조물
제조업,158,코팅머신에 끼임,끼임,벨트,기계·설비
제조업,159,설비 점검을 위해 계단 승강 중 떨어짐,떨어짐,계단,건축물·구조물
제조업,160,회전기계 정비 중 끼임,감김,회전축,기계·설비
제조업,161,슬링벨트에 걸린 중량물 이탈로 깔림,깔림,벨트,기계·설비
제조업,162,집진기 청소 중 폭발,폭발,분진,화학물질·가스
제조업,163,지게차 운행 중 전도되어 깔림,깔림,지게차,운반·인양기계
제조업,164,천장(샌드위치 패널)에서 떨어짐,떨어짐,고소작업대,가설구조물·고소설비
제조업,165,"톨루엔 이송 중 화재, 폭발",폭발,유기용제,화학물질·가스
제조업,166,후진하는 지게차와 충돌,충돌,지게차,운반·인양기계
제조업,167,폐차 용단작업 중 화재,화재,미분류,미분류
제조업,168,폐드럼 분쇄 중 화재 폭발,폭발,드럼,압력용기·탱크
제조업,169,도금조 보수작업 중 화재,화재,도금약품,화학물질·가스
제조업,170,트레일러 탱크 점검 중 폭발,폭발,트레일러,차량·건설기계
제조업,171,운전 중 톨루엔 누출로 화재,화재,유기용제,화학물질·가스
제조업,172,배관 설치 작업 중 저류조 폭발,폭발,배관,운반물·자재
제조업,173,주형 건조작업 중 용기 폭발,폭발,화학물질,화학물질·가스
제조업,174,유량계 검침 중 질식,질식,맨홀,건축물·구조물
제조업,175,설비 청소 중 분진 폭발,폭발,분진,화학물질·가스
제조업,176,폐황산 이송작업 중 폭발,폭발,화학물질,화학물질·가스
제조업,177,밸브 정비작업 중 폭발/화재,폭발,인화성물질,화학물질·가스
제조업,178,배관 퍼지 작업 중 가스 누출,질식,가스,화학물질·가스
제조업,179,화기 작업 중 비산물에 맞아 사망,폭발,수중(물),자연물·환경
제조업,180,점착제 이송 중 화재,화재,점착제,화학물질·가스
제조업,181,세척조 청소 중 사망,질식,세척조,기계·설비
제조업,182,폐유저장탱크 상부 작업 중 폭발,폭발,저장탱크,압력용기·탱크
제조업,183,열매유 보일러 팽창탱크 화재/폭발,폭발,보일러,압력용기·탱크
제조업,184,인화성 액체 이송 중 화재/폭발,폭발,인화성물질,화학물질·가스
제조업,185,설비 구성품 조립 중 추락,추락,줄걸이용구,운반물·자재
제조업,186,폐유기용제 저장탱크 폭발,폭발,저장탱크,압력용기·탱크
제조업,187,항온항습기 폭발,폭발,항온항습기,기계·설비
제조업,188,기밀시험 중 열교환기 파열,폭발,열교환기,압력용기·탱크
제조업,189,화물차 상부에서 떨어짐,떨어짐,화물자동차,차량·건설기계
제조업,190,배관 해체/설치 시 화재,화재,배관,운반물·자재
제조업,191,중량물 TURN OVER 작업 중 낙하,깔림,중량물,운반물·자재
제조업,192,드럼통 용단작업 중 폭발,폭발,드럼,압력용기·탱크
제조업,193,지게차에 실린 목재 낙하,낙하,지게차,운반·인양기계
제조업,194,크레인 중량물 인양 중 낙하,낙하,크레인,운반·인양기계
제조업,195,운반구와 승강로 사이에 끼임,끼임,승강기,운반·인양기계
제조업,196,폐기물 선별 작업장 화재,화재,가스,화학물질·가스
제조업,197,식품원료 혼합기 청소중 혼합기날에 끼임,끼임,혼합기,기계·설비
제조업,198,자동화 설비 작업시작 전 점검중 끼임,끼임,미분류,미분류
제조업,199,컨베이어 청소작업 중 테일풀리 사이 끼임,끼임,컨베이어,운반·인양기계
제조업,200,폐스크랩 파·분쇄작업 중 화재,화재,분쇄기,기계·설비
제조업,201,자동차 부품 제조라인 점검중 갠트리로더 사이 끼임,끼임,갠트리크레인,운반·인양기계
제조업,202,제품 원단 교체작업 중 가이드 롤러사이 끼임,끼임,롤러,기계·설비
제조업,203,탱크로리 용접 작업 중 화재폭발,폭발,탱크,압력용기·탱크
제조업,204,이산화탄소 누출로 인한 질식,질식,유해가스,화학물질·가스
제조업,205,일반작업용 리프트 점검 중 끼임,끼임,리프트,운반·인양기계
제조업,206,포장적재기 점검 중 끼임,끼임,적재물,운반물·자재
제조업,207,소각재 낙하에 의한 수증기폭발,폭발,소각로,기계·설비
제조업,208,로봇 셀 내부작업 중 로봇팔에 끼임,끼임,산업용로봇,기계·설비
제조업,209,식품 가공용 스크류 컨베이어 사이에 끼임,끼임,컨베이어,운반·인양기계
제조업,210,질소 역류에 의한 질식,질식,불활성가스,화학물질·가스
제조업,211,천장크레인으로 중량물 위치조정중 중량물 사이에 끼임,끼임,크레인,운반·인양기계
제조업,212,천장크레인으로 중량물 인양중 줄걸이 용구 이탈로 끼임,끼임,크레인,운반·인양기계
제조업,213,톨루엔 주입작업 중 화재,화재,유기용제,화학물질·가스
제조업,214,스크류컨베이어 정비 작업중 끼임,끼임,컨베이어,운반·인양기계
제조업,215,로봇 방호울 내부 작업중 끼임,끼임,산업용로봇,기계·설비
제조업,216,공드럼 용단작업 중 폭발,폭발,드럼,압력용기·탱크
제조업,217,대형 압력솥 폭발,폭발,압력솥,압력용기·탱크
제조업,218,배합기 청소중 가동으로 회전날에 끼임,끼임,배합기,기계·설비
제조업,219,천장주행크레인을 이용한 제품 상차 중 끼임,끼임,크레인,운반·인양기계
제조업,220,용해 공정 원재료 투입 시 수증기 폭발,폭발,거푸집,가설구조물·고소설비
제조업,221,산소배관 밸브 조작 중 화재,화재,배관,운반물·자재
제조업,222,지게차 포크에 올라 고소작업 중 떨어짐,떨어짐,지게차,운반·인양기계
제조업,223,압축기 내부 작업 중 압축 슬라이드 동작으로 끼임,끼임,압축기,기계·설비
제조업,224,보일러수 유입에 의한 수증기 폭발,폭발,보일러,압력용기·탱크
제조업,225,반응기 내벽 청소 작업중 화재·폭발,폭발,반응기,압력용기·탱크
제조업,226,저장탱크 회전날에 끼임,끼임,저장탱크,압력용기·탱크
제조업,227,리코일러 설비 내 코일 이동중 끼임,끼임,코일,운반물·자재
제조업,228,프레스 내 이물질 제거 중 끼임,끼임,프레스,기계·설비
제조업,229,집적리프트 사이 끼임,끼임,리프트,운반·인양기계
제조업,230,컨베이어 이송물과 구조물 사이 끼임,끼임,컨베이어,운반·인양기계
제조업,231,용제 여과 작업중 화재,화재,유기용제,화학물질·가스
제조업,232,고장난 프레스 분해 작업 중 끼임,끼임,프레스,기계·설비
제조업,233,산업용 로봇 팔과 지그 사이에 끼임,끼임,산업용로봇,기계·설비
제조업,234,폐드럼통 용단작업 중 폭발,폭발,드럼,압력용기·탱크
제조업,235,작동중인 기계 하부 이물질 제거 중 기어에 끼임,끼임,덮개,건축물·구조물
제조업,236,사출성형기 점검 중 금형에 끼임,끼임,사출성형기,기계·설비
제조업,237,인화성 액체 도포작업 중 점화로 인한 화상,화상,인화성물질,화학물질·가스
제조업,238,CNC선반 작업 중 가공물에 맞음,맞음,수중(물),자연물·환경
제조업,239,용접작업중 배관 내부에 들어가 질식(산소결핍),질식,산소결핍공기,화학물질·가스
제조업,240,태양광 설치작업중 지붕에서 추락,추락,지붕,건축물·구조물
제조업,241,지게차가 운행중 넘어져 지게차에 운전자 깔림,깔림,지게차,운반·인양기계
제조업,242,매니폴더 커플러 혼용사용에 따른 화재,화재,가스,화학물질·가스
제조업,243,지게차 포크 위 화물에 탑승하여 떨어짐,떨어짐,지게차,운반·인양기계
제조업,244,배관 절단작업 중 저장탱크 폭발,폭발,저장탱크,압력용기·탱크
제조업,245,지붕위 작업중(채광창 보수공사) 떨어짐,떨어짐,지붕,건축물·구조물
제조업,246,지게차 전면부 프레임과 마스트 사이 끼임,끼임,지게차,운반·인양기계
제조업,247,톤백을 운반하여 하부 배출작업중 끼임,끼임,톤백(중량물),운반물·자재
제조업,248,블로우성형기 끼임재해 작업안전,복합(3건),성형기,기계·설비
제조업,249,벌목작업 중 조재작업자가 벌도목에 맞음,맞음,벌도목(나무),자연물·환경
제조업,250,원통형 선별기 점검작업중 끼임,끼임,덮개,건축물·구조물
제조업,251,천장크레인 작업중 권상하던 중량물에 맞음,맞음,크레인,운반·인양기계
제조업,252,터닝롤러 작업중 체인로커에 깔림,깔림,롤러,기계·설비
제조업,253,무대세트 설치 작업 중 떨어짐,떨어짐,리프트,운반·인양기계
제조업,254,지게차 작업중 슬링벨트에 걸린 유리판에 깔림,깔림,지게차,운반·인양기계
제조업,255,선별기 점검중 떨어짐,떨어짐,표지구조물,건축물·구조물
제조업,256,스케일 운반용 그랩버켓 작업중 끼임,끼임,작업대,가설구조물·고소설비
제조업,257,PC보일러 작업 중 화상,화상,보일러,압력용기·탱크
제조업,258,일반작업용 리프트 작업중 끼임,끼임,리프트,운반·인양기계
제조업,259,지게차 작업중 끼임,끼임,지게차,운반·인양기계
제조업,260,벌목 작업중 깔림,깔림,벌도목(나무),자연물·환경
제조업,261,작업발판 설치 작업중 떨어짐,떨어짐,작업발판,가설구조물·고소설비
제조업,262,프레스 점검 중 금형사이에 끼임,끼임,프레스,기계·설비
제조업,263,프레스 가공 작업중 상부금형(피어싱) 파손·비래,맞음,프레스,기계·설비
제조업,264,지게차가 전복되면서 운전자가 헤드가드와 바닥 사이에 끼임,끼임,지게차,운반·인양기계
제조업,265,꽂음접속기(콘센트) 충전부 접촉에 의한 감전 사망,감전,충전부,전기설비
제조업,266,컨베이어 이물질 제거 중 렉과 철제 기둥사이에 끼임,끼임,컨베이어,운반·인양기계
제조업,267,컨테이너 문 개방 시 쏟아진 적재물에 깔림,깔림,적재물,운반물·자재
제조업,268,원재료 톤백(칩포대)이 무너져 내려 깔림,깔림,톤백(중량물),운반물·자재
제조업,269,선반을 이용한 연마작업 간 면장갑이 가공물에 감김,감김,수중(물),자연물·환경
제조업,270,크레인 인양작업 중 인양물에서 이탈한 체인슬링에 맞음,맞음,크레인,운반·인양기계
제조업,271,배풍기 모터에 옷자락이 말림,감김,배풍기,기계·설비
제조업,272,목재이송 자동투입기 진공압착기에 눌림,끼임,컨베이어,운반·인양기계
제조업,273,콘크리트 혼합기(Mixer) 내부 회전날에 끼임,끼임,혼합기,기계·설비
제조업,274,유압 리프트 점검 중 끼임,끼임,리프트,운반·인양기계
제조업,275,이동식 크레인 작업대가 꺾이면서 떨어짐,떨어짐,크레인,운반·인양기계
제조업,276,다이캐스팅기 점검 중 끼임,끼임,다이캐스팅기,기계·설비
제조업,277,선반작업 중 날아온 가공물에 맞음,맞음,수중(물),자연물·환경
제조업,278,수중펌프 교체 작업 중 감전,감전,전기설비,전기설비
제조업,279,천장크레인 정비작업 중 끼임,끼임,크레인,운반·인양기계
제조업,280,지게차 정비 작업 중 바퀴에 깔림,깔림,지게차,운반·인양기계
제조업,281,크레인 줄걸이 작업 중 섬유벨트 파단,맞음,크레인,운반·인양기계
제조업,282,산업용로봇 작업 중 끼임,끼임,산업용로봇,기계·설비
제조업,283,에어컨 실외기 전원 충전부에 감전,감전,충전부,전기설비
제조업,284,로더 버킷에 탑승하여 작업 중 떨어짐,떨어짐,로더,차량·건설기계
제조업,285,프레스 상부에서 작업 중 떨어짐,떨어짐,프레스,기계·설비
제조업,286,크레인으로 화물운반 중 넘어뜨린 설비에 깔림,깔림,크레인,운반·인양기계
제조업,287,지게차 포크위에서 작업 중 떨어짐,떨어짐,지게차,운반·인양기계
제조업,288,볼트 쇼트기 작업 중 끼임,끼임,벨트,기계·설비
제조업,289,섬유벨트 파단으로 넘어진 중량물에 깔림,깔림,벨트,기계·설비
제조업,290,에어자켓 산소 오접속으로 화재,화재,가스,화학물질·가스
제조업,291,반응기 원료 투입중 화재,화재,반응기,압력용기·탱크
제조업,292,지게차 정비 중 버킷에 깔림,깔림,지게차,운반·인양기계
제조업,293,페이로더 바퀴에 깔림,깔림,로더,차량·건설기계
제조업,294,블로우성형기 이물질 제거 중 끼임,끼임,성형기,기계·설비
제조업,295,목재가공용 띠톱기계에 베임,베임,컨베이어,운반·인양기계
제조업,296,컨베이어의 벨트와 풀리 사이에 끼임,끼임,컨베이어,운반·인양기계
제조업,297,지게차가 넘어뜨린 구조물 사이에 끼임,끼임,지게차,운반·인양기계
제조업,298,선반작업 중 휘어진 파이프에 맞음,맞음,파이프,운반물·자재
제조업,299,화물자동차 적재함에서 바닥으로 떨어짐,떨어짐,화물자동차,차량·건설기계
제조업,300,이동 중 운행중인 지게차와 부딪힘,충돌,지게차,운반·인양기계
제조업,301,공기 저장탱크 파열,폭발,저장탱크,압력용기·탱크
제조업,302,환풍기 전원선에 감전,감전,전기설비,전기설비
제조업,303,혼합기에 감김,감김,혼합기,기계·설비
제조업,304,리프트와 공장 건물에 끼임,끼임,리프트,운반·인양기계
제조업,305,연목 붕괴로 컨베이어에서 떨어짐,떨어짐,컨베이어,운반·인양기계
제조업,306,선반작업 중 파편에 맞음,맞음,선반,기계·설비
제조업,307,프레스 금형 사이에 끼임,끼임,프레스,기계·설비
제조업,308,크레인에 부딪힌 주형틀에 깔림,깔림,크레인,운반·인양기계
제조업,309,낙하하는 리프트 운반구에 맞음,맞음,리프트,운반·인양기계
제조업,310,목재 가공 중 반발 목재에 맞음,맞음,미분류,미분류
제조업,311,주형조형기 작업 중 금형사이에 끼임,끼임,조형기,기계·설비
제조업,312,콘크리트 믹서기 내부로 떨어져 끼임,끼임,혼합기,기계·설비
제조업,313,사출성형기 금형 사이에 끼임,끼임,사출성형기,기계·설비
제조업,314,프레스 링크캠 회전체에 옷이 말림,감김,프레스,기계·설비
제조업,315,크레인 정비 도중 바닥으로 떨어짐,떨어짐,크레인,운반·인양기계
제조업,316,벨트컨베이어 수리 도중 바닥으로 떨어짐,떨어짐,컨베이어,운반·인양기계
제조업,317,철구조물 제작 중 넘어진 H-빔 사이에 끼임,끼임,바닥(전도),작업환경
제조업,318,가스토치로 설비 가열 도중 화재 발생,화재,가스,화학물질·가스
제조업,319,변압기 교체 도중 충전부에 감전,감전,변압기,전기설비
제조업,320,지브크레인 해체작업 중 구조물 불시낙하,낙하,지브크레인,운반·인양기계
제조업,321,금속 교정기 회전축에 옷이 말림,감김,회전축,기계·설비
제조업,322,벽돌공장에서 로우더에 깔림,깔림,로더,차량·건설기계
제조업,323,배합기 청소작업 중 회전날에 끼임,끼임,배합기,기계·설비
제조업,324,폐지 압축기에 끼임,끼임,압축기,기계·설비
제조업,325,지게차가 경사로에서 전복되어 깔림,깔림,지게차,운반·인양기계
제조업,326,채석장 크라샤 작업 중 떨어진 암석에 맞음,맞음,크러셔,기계·설비
제조업,327,필름 생산공정에서 롤 사이에 끼임,끼임,롤,기계·설비
제조업,328,식품공장 혼합기의 날개에 끼임,끼임,혼합기,기계·설비
제조업,329,코일 이송용 대차에 부딪힘,충돌,대차,운반·인양기계
제조업,330,드럼용기 용단작업 중 폭발,폭발,드럼,압력용기·탱크
제조업,331,에어자켓에 산소를 연결한 채 용접 중 화재,화재,용접작업,수공구·작업
제조업,332,누전된 분쇄기에 접촉하여 감전,감전,분쇄기,기계·설비
제조업,333,프레스 금형 조정작업 도중 끼임,끼임,프레스,기계·설비
제조업,334,용접작업 도중 H-빔이 넘어져 깔림,깔림,용접작업,수공구·작업
제조업,335,레미콘 차량이 낭떠러지로 굴러 떨어짐,떨어짐,차량,차량·건설기계
제조업,336,천막 지붕 교체 도중 천막을 밟고 떨어짐,떨어짐,지붕,건축물·구조물
제조업,337,재단기 권취롤러와 필름사이에 끼임,끼임,권취기,기계·설비
제조업,338,지게차가 갑자기 이동하여 설비사이에 끼임,끼임,지게차,운반·인양기계
제조업,339,금속 가공작업 중 산업용로봇에 끼임,끼임,산업용로봇,기계·설비
제조업,340,용해로 수증기 폭발로 용탕 분출,폭발,용해로,기계·설비
제조업,341,원유저장탱크 유출사고,기타,저장탱크,압력용기·탱크
제조업,342,화학물질 펌프 누출사고,기타,화학물질,화학물질·가스
제조업,343,염소 건조탑 폭발사고,폭발,화학물질,화학물질·가스
제조업,344,화물을 운반중이던 지게차에 부딪힘,충돌,지게차,운반·인양기계
제조업,345,자외선살균기 충전부에 접촉되어 감전,감전,충전부,전기설비
제조업,346,화물자동차 적재함에 탑승하여 운행 중 떨어짐,떨어짐,화물자동차,차량·건설기계
제조업,347,화물차위에서 코일 고정 중 코일이 넘어져 끼임,끼임,화물자동차,차량·건설기계
제조업,348,산업용로봇과 지그사이에 끼임,끼임,산업용로봇,기계·설비
제조업,349,목재 파쇄기의 회전 돌출부에 다리가 감김,감김,파쇄기,기계·설비
제조업,350,벌목작업 중 넘어지는 나무에 맞아 사망,맞음,벌도목(나무),자연물·환경
제조업,351,일반작업용 리프트로 화물 운반 도중 추락 사망,추락,리프트,운반·인양기계
제조업,352,금형가열작업 중 유압작동유 분출로 인한 화재로 사망,화재,금형,기계·설비
제조업,353,염료 용해기와 덮개 사이에 끼어 사망,끼임,덮개,건축물·구조물
제조업,354,암롤박스 위에서 바닥으로 떨어짐,떨어짐,롤,기계·설비
제조업,355,탱크 컨테이너 세척작업 중 톨루엔 증기 폭발로 사망,폭발,탱크,압력용기·탱크
제조업,356,적재된 철강다발이 무너지면서 깔림,깔림,적재물,운반물·자재
제조업,357,목재 파쇄기 시운전중 회전부에 끼임,끼임,파쇄기,기계·설비
제조업,358,지게차 운행중 떨어진 적재물에 맞아 사망,맞음,지게차,운반·인양기계
제조업,359,리프트 승강로 핏트바닥 추락 사망,추락,리프트,운반·인양기계
제조업,360,알루미늄 분진 폭발에 의한 사망,폭발,분진,화학물질·가스
제조업,361,운전중인 컨베이어에 신체일부가 감김,감김,컨베이어,운반·인양기계
제조업,362,용해로 투입원료의 수분에 의한 수증기 폭발,폭발,용해로,기계·설비
제조업,363,작업장내 이동중 지게차와 충돌하여 사망,충돌,지게차,운반·인양기계
제조업,364,배합기 회전날에 작업복이 말려 사망,감김,배합기,기계·설비
제조업,365,고소작업대에서 건물청소작업중 추락 사망,추락,고소작업대,가설구조물·고소설비
제조업,366,CNC선반에서 가공중인 자재의 타격에 의한 사망,맞음,자재,운반물·자재
제조업,367,분쇄기 수리/조절작업중 외함 접촉으로 감전,감전,분쇄기,기계·설비
제조업,368,유압프레스 금형수정작업중 금형사이에 끼임,끼임,프레스,기계·설비
제조업,369,"분쇄기 내부 이물질 제거작업중 회전날에 감김,끼임",감김,분쇄기,기계·설비
제조업,370,집수조로 진입하던 로더가 전복되어 익사,익사,로더,차량·건설기계
제조업,371,카고 크레인에 거푸집 상차작업중 떨어짐,떨어짐,크레인,운반·인양기계
제조업,372,벨트컨베이어 풀리와 웨이트 해체작업중 떨어짐,떨어짐,컨베이어,운반·인양기계
제조업,373,폐드럼 용단작업중 폭발로 사망,폭발,드럼,압력용기·탱크
제조업,374,분말배합기 청소작업중 불시동작으로 끼어 사망,끼임,배합기,기계·설비
제조업,375,고압세척기 누전으로 인한 감전,감전,전기설비,전기설비
제조업,376,신너 발화에 의한 화상으로 사망,화상,가스,화학물질·가스
제조업,377,후진하던 로더에 협착,협착,로더,차량·건설기계
제조업,378,용해로 상부 폐열보일러 튜브 파손으로 인한 수증기폭발 화상사망,폭발,용해로,기계·설비
제조업,379,주물 운반용 래들이 뒤집혀 화상사망,화상,래들(용융물),운반·인양기계
제조업,380,사출성형기 내부 점검중 금형사이에 협착,협착,사출성형기,기계·설비
제조업,381,용접공정 자동운반 로봇에 의한 협착,협착,산업용로봇,기계·설비
제조업,382,중자성형기 호퍼에 주물사를 투입하던중 추락,추락,성형기,기계·설비
제조업,383,천장크레인으로 철판을 뒤집는 작업하던중 클램프에서 이탈되면서 전도,전도,크레인,운반·인양기계
제조업,384,사출성형기 내부 점검작업중 금형사이에 협착,협착,사출성형기,기계·설비
제조업,385,작업장 바닥에 떨어진 제품 제거작업중 산업용로봇에 협착,협착,산업용로봇,기계·설비
제조업,386,파이프내에서 핸드그라인더로 사상작업중 손상된 케이블에 감전,감전,전기설비,전기설비
제조업,387,모래혼합기 보수작업중 조작판넬 오조작에 의한 협착,협착,혼합기,기계·설비
제조업,388,전동기 케이싱을 제작하기 위해 천장크레인으로 철판을 들어 올리던중 수직클램프가 훅에서 이탈되어 철판 전도,전도,크레인,운반·인양기계
제조업,389,압력용기 기밀시험중 클램프 변형으로 인한 엘보우 비래,맞음,압력용기,압력용기·탱크
제조업,390,갠트리크레인으로 철판 운반작업중 충돌,충돌,갠트리크레인,운반·인양기계
제조업,391,지게차 포크를 높이 올린상태에서 이동하던중 지붕 상부빔에 충돌,충돌,지게차,운반·인양기계
제조업,392,건조설비 고압충전부 접촉으로 인한 감전,감전,충전부,전기설비
제조업,393,폐스티로폼 분쇄기 내부 청소작업중 협착,협착,분쇄기,기계·설비
제조업,394,콘크리트파일을 지게차로 운반하던중 파일 위에서 추락,깔림,지게차,운반·인양기계
제조업,395,화물자동차 고무로프 파단으로 인한 추락,추락,화물자동차,차량·건설기계
제조업,396,프레스 자동송급장치 수동운전중 이송로봇에 협착,협착,프레스,기계·설비
제조업,397,충전된 접지용변압기 점검작업중 감전,감전,변압기,전기설비
제조업,398,사출성형기 상부 실린더 축 파손으로 인한 낙하,낙하,사출성형기,기계·설비
제조업,399,크레인 불량한 펜던트스위치 사용으로 인한 협착,협착,크레인,운반·인양기계
제조업,400,파쇄기 칼날 수리 작업중 협착,협착,파쇄기,기계·설비
제조업,401,전선 코팅설비 시운전중 이송레일을 이탈한 저선기 낙하,낙하,전선,전기설비
제조업,402,환봉가공기계 세척작업 주변에서 용접작업중 폭발,폭발,용접작업,수공구·작업
제조업,403,열교환기 Expansion Joint 파열,폭발,열교환기,압력용기·탱크
제조업,404,탈형제품 크레인 권상상태에서 탕도낙하,낙하,크레인,운반·인양기계
제조업,405,지게차 포크를 상승시킨 상태에서 급선회 하던중 전복,전도,지게차,운반·인양기계
제조업,406,커버가 탈락된 콘센트 충전부에 접촉 감전,감전,충전부,전기설비
제조업,407,자동조형기 금형상태 점검하던중 금형사이에 협착,협착,조형기,기계·설비
제조업,408,파이프운반 체인컨베이어와 포장대 사이에 협착,협착,컨베이어,운반·인양기계
제조업,409,용접작업 수행중 개구부로 추락,추락,개구부,건축물·구조물
제조업,410,쇼트기에 재료를 투입하는 장치에 협착,협착,덮개,건축물·구조물
제조업,411,시멘트 시료 채취 중 바닥으로 추락,추락,계단,건축물·구조물
제조업,412,크레인으로 철판코일 정리작업 중 철판코일에 충돌,충돌,크레인,운반·인양기계
제조업,413,용접기 1차측 접속단자 분리과정에서 감전,감전,전기설비,전기설비
제조업,414,기계설비 수리 중 충전부 접촉 감전 사망,감전,충전부,전기설비
제조업,415,세척기의 상부노즐판과 전면노즐판 사이에 협착,협착,세척기,기계·설비
제조업,416,일반작업용 리프트 불시 하강하여 협착,협착,리프트,운반·인양기계
제조업,417,섬유염색 작업 중 누전된 염색기에 접촉하여 감전,감전,전기설비,전기설비
제조업,418,실란(Silane) 투입 작업중 폭발 발생,폭발,불활성가스,화학물질·가스
제조업,419,발포폴리스티렌(EPS) 코팅제 생산공정 사일로 청소작업 중 분진폭발,폭발,사일로,압력용기·탱크
제조업,420,전동식지게차 포크에서 작업중 추락 사망,추락,지게차,운반·인양기계
제조업,421,용해 작업중 전기로가 폭발하여 전신에 화상 사망,폭발,전기로,기계·설비
제조업,422,믹서기의 회전날에 협착되어 사망,협착,혼합기,기계·설비
제조업,423,탱크로리 상부 맨홀 체결 볼트 해체 중 폭발,폭발,맨홀,건축물·구조물
제조업,424,에어건 청소작업 중 누전된 사출성형기에 접촉하여 감전,감전,사출성형기,기계·설비
제조업,425,탈수를 마친 섬유를 정리하던중 금속프레임에 접촉 감전,감전,전기설비,전기설비
제조업,426,고압변압기 전기판넬 청소작업중 충접부 접촉하여 감전,감전,변압기,전기설비
제조업,427,휴대용 연삭기에 전원 투입중 감전 사망,감전,연삭기,기계·설비
제조업,428,철주 운반 중 특고압 전선에 접촉하여 감전 사망,감전,전선,전기설비
제조업,429,퍼그밀 혼합기 청소중 혼합기 스크류에 다리 협착,협착,혼합기,기계·설비
제조업,430,용접작업중 구조물이 전도되며 사망,전도,용접작업,수공구·작업
제조업,431,설비 수리 중 기계가 작동하며 프레임에 협착되어 사망,협착,표지구조물,건축물·구조물
제조업,432,도장 작업중 프레임과 받침대 사이에 협착되어 사망,협착,크레인,운반·인양기계
제조업,433,작업장내 적층지붕 철거 중 추락 사망,추락,지붕,건축물·구조물
제조업,434,지게차 헤드가드 프레임에 머리가 협착되어 사망,협착,지게차,운반·인양기계
제조업,435,크레인에 걸려 있던 도금용 지그가 낙하,낙하,크레인,운반·인양기계
제조업,436,황산탱크에서 수소가스에 의한 폭발,폭발,탱크,압력용기·탱크
제조업,437,항생제정제공장 화재사고,화재,맨홀,건축물·구조물
제조업,438,의약품제조공장 화재폭발사고,폭발,맨홀,건축물·구조물
제조업,439,반응기에서 원료누출에 의한 화재,화재,반응기,압력용기·탱크
제조업,440,등경유탈활공정화재,화재,배관,운반물·자재
제조업,441,집진기 설치작업중 추락에 의한 사망,추락,벨트,기계·설비
제조업,442,고철 용해작업 중 비산하는 쇳물에 화상,화상,고철,운반물·자재
제조업,443,중량물(해치코밍) 교정작업 중 전도되면서 협착,협착,중량물,운반물·자재
제조업,444,코일 결속 철밴드 절단작업 중 낙하한 코일에 충돌,충돌,코일,운반물·자재
제조업,445,비상발전기 예방정비 작업 중 고압 충전부에 감전,감전,충전부,전기설비
제조업,446,폐섬유 소각보일러 연소작업 중 폭발,폭발,보일러,압력용기·탱크
제조업,447,지게차 팔레트 위에 탑승하여 이동 중 추락,추락,지게차,운반·인양기계
제조업,448,음식물 쓰레기 처리시설 호퍼에 추락하여 스크류에 협착,추락,호퍼,압력용기·탱크
제조업,449,건물 지붕 위 용수관 교체작업 중 배전선로에 접촉되어 감전,감전,지붕,건축물·구조물
제조업,450,압력용기 경판 취부용 러그 파손에 의한 낙하 충돌,낙하,압력용기,압력용기·탱크
제조업,451,정경공정 정경빔에 말림,감김,덮개,건축물·구조물
제조업,452,인화성 물질 폐드럼통 절단 작업 중 폭발,폭발,드럼,압력용기·탱크
제조업,453,교류아크용접기 2차측 전압에 감전,감전,전기(아크),전기설비
제조업,454,특별고압이 흐르는 충전부에 의한 전기화상,화상,충전부,전기설비
제조업,455,프레스 금형 사이에 협착,협착,프레스,기계·설비
제조업,456,벨트컨베이어 스커트 조정작업 중 협착,협착,컨베이어,운반·인양기계
제조업,457,일반작업용 리프트 운반구 협착,협착,리프트,운반·인양기계
제조업,458,지붕 철거작업 중 추락,추락,지붕,건축물·구조물
제조업,459,산업용로봇 주변 청소작업 중 협착,협착,산업용로봇,기계·설비
제조업,460,전기로 상부에서 고철제거 작업 중 추락,추락,고철,운반물·자재
제조업,461,벙커-C유 저장탱크 통기관 교체작업 중 폭발,폭발,저장탱크,압력용기·탱크
제조업,462,전선배관 천공작업중 천공기 누전에 의한 감전,감전,전선,전기설비
제조업,463,폐드럼통 용단작업중 폭발,폭발,드럼,압력용기·탱크
제조업,464,집진기를 청소하던중 집진기 폭발,폭발,분진,화학물질·가스
제조업,465,가동중인 산업용로봇에 협착,협착,산업용로봇,기계·설비
제조업,466,일반작업용리프트 승강로 내부로 추락,추락,리프트,운반·인양기계
제조업,467,일반작업용리프트에 탑승하여 이동중 협착,협착,리프트,운반·인양기계
제조업,468,용접로봇 정비작업중 가공물 고정지그 사이에 협착,협착,산업용로봇,기계·설비
제조업,469,회전하는 구동축에 작업복이 말려 협착,감김,회전축,기계·설비
제조업,470,폴리우레탄 폼 캔 가온중 폭발,폭발,가스,화학물질·가스
제조업,471,멤브레인 프레스 보수작업중 중판 협착,협착,프레스,기계·설비
제조업,472,달비계 작업중 섬유로프 파단으로 추락,추락,비계,가설구조물·고소설비
제조업,473,화물트럭에서 지게차로 하역작업중 낙하,낙하,지게차,운반·인양기계
제조업,474,차량용 리프트에서 굴러 떨어지는 차량에 충돌,협착,리프트,운반·인양기계
제조업,475,공장지붕 보수작업 중 추락,추락,지붕,건축물·구조물
제조업,476,선반으로 가공물 사포작업중 장갑 말림,감김,선반,기계·설비
제조업,477,온수배관 누보수 작업중 사다리에서 추락,추락,사다리,가설구조물·고소설비
제조업,478,에어컨 실외기 수리중 폭발,폭발,가스,화학물질·가스
제조업,479,재활용 폐기물 수거작업 중 쓰러짐,기타,강관,운반물·자재
제조업,480,후진 중이던 쓰레기 수거차량에 협착,협착,차량,차량·건설기계
제조업,481,파지 분쇄기 작업중 근로자 추락,추락,분쇄기,기계·설비
제조업,482,일반작업용리프트 운반구의 낙하에 의한 협착,협착,리프트,운반·인양기계
제조업,483,기액분리기 탱크 상부 작업중 폭발,폭발,탱크,압력용기·탱크
제조업,484,주물사 청소작업 후 이동 중 컨베이어 롤러에 협착,협착,컨베이어,운반·인양기계
제조업,485,"제품운반중 지게차 전도, 사망 1명",전도,지게차,운반·인양기계
제조업,486,유리전사기의 수중펌프 절연불량에 의한 감전,감전,전기설비,전기설비
제조업,487,연신롤에 협착,감김,롤,기계·설비
제조업,488,목재 사다리위 작업중 추락,추락,사다리,가설구조물·고소설비
제조업,489,용융 아연도금조 통로 보행중 전도에 의한 화상,화상,도금약품,화학물질·가스
제조업,490,범용선반 가공작업중 가공물 비래,맞음,선반,기계·설비
제조업,491,리프트 운반구와 바닥에 협착,협착,리프트,운반·인양기계
제조업,492,공드럼 용단 작업 중 비래되는 상부 덮개에 맞아 사망,맞음,덮개,건축물·구조물
제조업,493,A자형 사다리로 간판설치중 추락,추락,사다리,가설구조물·고소설비
제조업,494,승강기 플랫폼으로 올라오다 추락하여 사망,추락,승강기,운반·인양기계
제조업,495,지게차 운행중 전복 사망,전도,지게차,운반·인양기계
제조업,496,레들 운반작업 중 추락,추락,크레인,운반·인양기계
제조업,497,용해로에 투입된 알루미늄 광재에 포함된 수분이 수증기 폭발,폭발,용해로,기계·설비
제조업,498,전기설비 철거 작업 중 추락,추락,개구부,건축물·구조물
제조업,499,롤과 구조물 사이에 협착,협착,롤,기계·설비
제조업,500,폐 도금약품 처리작업 근로자 중독,질식,도금약품,화학물질·가스
제조업,501,결합 중인 Rod의 낙하에 의한 추락,추락,작업발판,가설구조물·고소설비
제조업,502,공작기계 전도에 의한 충돌,충돌,중량물,운반물·자재
제조업,503,아파트 외벽에서 고정창 해체 작업중 추락,추락,건물외벽,건축물·구조물
제조업,504,계단에서 내려오던중 발을 헛디뎌 추락,추락,계단,건축물·구조물
제조업,505,옹벽단부에서 잔디보수작업중 추락,추락,옹벽,건축물·구조물
제조업,506,중량물을 클램프를 이용하여 권상작업시 협착,끼임,중량물,운반물·자재
제조업,507,필름 압출기의 와인더 커팅기에 협착,끼임,압출기,기계·설비
제조업,508,크레인 점검중 추락,추락,크레인,운반·인양기계
제조업,509,지게차 전도되어 운전자 협착,끼임,지게차,운반·인양기계
제조업,510,지게차 운반작업시 중량물 전도에 의한 협착,끼임,지게차,운반·인양기계
제조업,511,붕괴되는 석회석 톤백에 협착,붕괴,톤백(중량물),운반물·자재
제조업,512,넘어지는 펄프에 협착되어 사망,깔림,바닥(전도),작업환경
제조업,513,생산 제품을 확인 하던중 가이드롤에 협착,감김,롤,기계·설비
제조업,514,정비 중이던 차량 하부에 협착,끼임,차량,차량·건설기계
제조업,515,덤프 트럭 타이어에 끼인 암석 조각이 비래,맞음,덤프트럭,차량·건설기계
제조업,516,건축폐기물 파쇄용 컨베이어에 협착,감김,컨베이어,운반·인양기계
제조업,517,펄프 적재작업중 낙하하는 펄프에 협착,낙하,적재물,운반물·자재
제조업,518,후진하는 화물트럭에 충돌,충돌,화물자동차,차량·건설기계
제조업,519,일반작업용리프트 운반구와 바닥사이에 협착,끼임,리프트,운반·인양기계
제조업,520,항타기 분리 작업 중 부자재에 협착,추락,자재,운반물·자재
제조업,521,기숙사에서 바닥으로 추락,추락,난간,건축물·구조물
제조업,522,리프트 운반구와 지면사이에 협착,협착,리프트,운반·인양기계
제조업,523,유압프레스 인력운반 중 전도되는 프레스에 협착,협착,프레스,기계·설비
제조업,524,트럭하부에서 정비작업 중 차량하부에 협착,협착,화물자동차,차량·건설기계
제조업,525,사다리를 이용 도중 추락,추락,사다리,가설구조물·고소설비
제조업,526,지게차 전복에 의한 운전자 협착,협착,지게차,운반·인양기계
제조업,527,골재 석분 호퍼 투입 작업시 매몰,붕괴,호퍼,압력용기·탱크
제조업,528,벌목 작업 중 인근 근로자가 넘어지는 벌도목에 맞아 사망,낙하,벌도목(나무),자연물·환경
제조업,529,철구조물 철거 작업 중 바닥으로 추락,추락,작업발판,가설구조물·고소설비
제조업,530,벌도목이 작업 중이던 근로자를 가격,맞음,벌도목(나무),자연물·환경
제조업,531,자동성형기 부표제거 작업 중 협착,협착,성형기,기계·설비
제조업,532,화차 점검·수리 중 차체와 대차의 바퀴사이에 협착,협착,대차,운반·인양기계
제조업,533,선박블록 부재 운반중 전도에 의한 충돌,충돌,선박,선박·해양
제조업,534,드럼통 절단작업중 드럼통 상판 폭발·충돌,폭발,드럼,압력용기·탱크
제조업,535,천장크레인을 이용하여 콘크리트파일을 적재중 충돌,충돌,크레인,운반·인양기계
제조업,536,내리치던 해머 일부분의 파손에 의한 비래,맞음,해머,수공구·작업
제조업,537,중량물(H-Beam) 사이에 협착,협착,중량물,운반물·자재
제조업,538,철골 전기용접작업중 감전,감전,전기설비,전기설비
제조업,539,PLC ROOM 내부 작업 중 질소가스에 의한 질식재해,질식,불활성가스,화학물질·가스
제조업,540,크레인 스톱퍼 설치 중 트롤리바 접촉에 의한 감전,감전,크레인,운반·인양기계
제조업,541,송전선로 정비보수 중 감전,감전,전선,전기설비
제조업,542,압출기 냉각수 파이프 교체작업 중 감전,감전,압출기,기계·설비
제조업,543,일반작업용리프트 승강로와 운반구 사이에 협착,협착,리프트,운반·인양기계
제조업,544,보조달기기구에서 이탈되어 낙하하는 철판에 깔려 사망,깔림,철판,운반물·자재
제조업,545,팔파기 슈트 하부에서 이물질 제거작업중 협착,깔림,팔파기,기계·설비
제조업,546,청소 작업중 10m 바닥 아래로 추락하여 사망,추락,개구부,건축물·구조물
제조업,547,재저장조 상부에서 추락,추락,저장조,압력용기·탱크
제조업,548,미분쇄기 구동모터 회전축 조인트 키에 말려 사망,감김,분쇄기,기계·설비
제조업,549,벌도목이 걸려있는 장소를 지나다가 벌도목 낙하에 의해 충돌,맞음,벌도목(나무),자연물·환경
제조업,550,배합기 축이음 수리 작업 중 기어풀러 암 파단에 의한 비래,맞음,배합기,기계·설비
제조업,551,아연도금 작업중 전도로 화상,화상,도금약품,화학물질·가스
제조업,552,도색작업용 가구조물 철거중 추락,추락,작업발판,가설구조물·고소설비
제조업,553,화물자동차 후진중 청소중인 근로자와 충돌,충돌,화물자동차,차량·건설기계
제조업,554,큐빙기의 취출 핑거와 파레트 사이에 협착,협착,큐빙기,기계·설비
제조업,555,지게차 전도되면서 지게차에 협착,깔림,지게차,운반·인양기계
제조업,556,질소순환장치 화재로 인한 재해,화재,불활성가스,화학물질·가스
제조업,557,전기드릴 작업을 위해 스위치 기동 시 감전,감전,전기설비,전기설비
제조업,558,탱크로리 상부에서 추락,추락,탱크,압력용기·탱크
제조업,559,지게차 앞바퀴에 깔려 사망,깔림,지게차,운반·인양기계
제조업,560,크레인 와이어로프가 파단되며 중량물 낙하,낙하,크레인,운반·인양기계
제조업,561,화물용 트럭에서 하차중인 중량물에 충돌,충돌,화물자동차,차량·건설기계
제조업,562,Stacking 컨베이어와 상부프레임사이에 협착,협착,컨베이어,운반·인양기계
제조업,563,다이캐스팅기 성형작업중 금형에 협착,협착,다이캐스팅기,기계·설비
제조업,564,PC강선제품 적재작업 중 협착,협착,적재물,운반물·자재
제조업,565,H-Beam 위에 섀들을 놓고 조립작업 중 섀들 낙하,낙하,용접작업,수공구·작업
제조업,566,화물차와 작업장 H빔사이에 협착 사망,협착,화물자동차,차량·건설기계
제조업,567,"전자대리점에서 파열, 비래되는 산소용기에 맞아 사망",폭발,산소용기,압력용기·탱크
제조업,568,용융도금라인 점검작업중 구동롤 사이에 협착,협착,롤,기계·설비
제조업,569,로봇팔과 제품사이에 협착,협착,산업용로봇,기계·설비
제조업,570,합판 더미 위에서 천막 누수 여부 확인 중 바닥에 추락,추락,바닥(미끄럼),작업환경
제조업,571,리프트 방호울 출입문과 운반구 상부프레임 사이에 협착,협착,리프트,운반·인양기계
제조업,572,전주위에서 케이블 연결중 추락으로 사망,추락,고소작업대,가설구조물·고소설비
제조업,573,설비 2층에서 작업중 추락으로 사망,추락,난간,건축물·구조물
제조업,574,전환탑 청소작업 중 벨트컨베이어에 협착,협착,컨베이어,운반·인양기계
제조업,575,1층 일반작업용리프트 앞에서 지하 1층으로 추락,추락,리프트,운반·인양기계
제조업,576,유기질비료 제품수령 출입자 공장내에서 페이로더에 충돌사망,충돌,로더,차량·건설기계
제조업,577,주차파레트 지지용 와이어로프 교체작업중 추락,추락,와이어로프,운반물·자재
제조업,578,머시닝센터 가동중 가공팁 비래,맞음,머시닝센터,기계·설비
제조업,579,트럼멜 상부 용접작업중 설비와 벽체사이에 협착,협착,용접작업,수공구·작업
제조업,580,배지부 전단 회전부에 끼어있는 인쇄물 제거중 협착,협착,인쇄기,기계·설비
제조업,581,A형 사다리가 전도되어 사망,전도,사다리,가설구조물·고소설비
제조업,582,호퍼에 원료투입작업 중 원료백에 두부 협착,협착,호퍼,압력용기·탱크
제조업,583,크레인 설치작업 중 추락,추락,크레인,운반·인양기계
제조업,584,틀비계 위에서 취부작업 중 추락,추락,비계,가설구조물·고소설비
제조업,585,담쟁이 덩굴 제거작업 중 추락,추락,비계,가설구조물·고소설비
제조업,586,원형절단기(컷팅기) 작업 중 숫돌조각에 맞아 사망,맞음,절단기,기계·설비
제조업,589,전기설비 중대재해사례 모음집,복합(11건),복합사례집·가이드,복합·자료집
제조업,590,주행집전장치 교체작업 중 감전,감전,전기설비,전기설비
제조업,591,톨루엔 저장탱크 청소중 폭발,폭발,저장탱크,압력용기·탱크
제조업,592,용접기 사용하여 절단작업 중 드럼통 폭발,폭발,드럼,압력용기·탱크
제조업,593,그라비아 인쇄작업 중 화재발생,화재,인쇄기,기계·설비
제조업,594,벨트 컨베이어 하단부 벨트와 롤 사이에 협착,협착,컨베이어,운반·인양기계
제조업,595,비료 더미에서 이동 중 추락하여 사망,추락,사다리,가설구조물·고소설비
제조업,596,정비작업 중 펄퍼기가 가동되어 사망,충돌,롤,기계·설비
제조업,597,이동식틀비계 위에 설치된 A형사다리 이동 중 추락,추락,비계,가설구조물·고소설비
제조업,598,권상용 슬링벨트 파단으로 중량물(엘레베이트)에 협착,협착,벨트,기계·설비
제조업,599,이동대차에 적재된 유리전도로 사망,전도,대차,운반·인양기계
제조업,600,롤과 연결된 동력전달장치인 유니버셜조인트에 협착,감김,롤,기계·설비
제조업,601,철판묶음 운반작업중 철판묶음에 협착,깔림,철판,운반물·자재
제조업,602,줄걸이로프가 훅에서 벗겨지면서 집진기 덕트 낙하,낙하,작업대,가설구조물·고소설비
제조업,603,"제진기모터 분리 작업 중 추락, 사망",추락,제진기,기계·설비
제조업,604,오버헤드도어가 낙하하여 사망,낙하,도어,건축물·구조물
제조업,605,벌목 작업 중 넘어지는 벌도목에 근로자가 협착되어 사망,깔림,벌도목(나무),자연물·환경
제조업,606,벌목 작업 중 인근 근로자가 넘어지는 벌도목에 맞아 사망,맞음,벌도목(나무),자연물·환경
제조업,607,벌도목이 작업 중 낙하비래,낙하,벌도목(나무),자연물·환경
제조업,608,이전공장 전기설비 확인 중 추락,추락,사다리,가설구조물·고소설비
제조업,609,"지하계단에서 전도, 사망",전도,계단,건축물·구조물
제조업,610,"쓰레기 운반 페이로더와 충돌, 사망",충돌,로더,차량·건설기계
제조업,611,운반용 바스켓 캐리어와 프레임 사이에 협착,끼임,바스켓캐리어,운반·인양기계
제조업,612,블록 곡직작업 중 핀-지그가 전도되면서 협착,깔림,곡직설비,기계·설비
제조업,613,기계설비 반입구에서 추락,추락,덮개,건축물·구조물
제조업,614,조리 솥을 이용한 볶음작업 중 화재,화재,미분류,미분류
제조업,615,LPG 용기내로 역화에 의한 폭발,폭발,가스,화학물질·가스
제조업,616,정전상태 오판단에 의한 감전,감전,전기설비,전기설비
제조업,617,고소작업대에서 조명 설치 작업 중 추락,추락,고소작업대,가설구조물·고소설비
제조업,618,지붕에서 전선보호관 포설작업 중 바닥으로 추락,추락,지붕,건축물·구조물
제조업,619,아이볼트 파단으로 자동차용검사지그에 협착,깔림,지그,기계·설비
제조업,620,에어드롭 해머에 협착 사망,끼임,해머,수공구·작업
제조업,621,회식후 기숙사 이동중 수영장에 추락 사망,익사,난간,건축물·구조물
제조업,622,정화조 점검중 유량조 점검구로 추락 사망,익사,정화조,건축물·구조물
제조업,623,일반작업용 리프트 운반구와 화물 반입구 사이 협착,끼임,리프트,운반·인양기계
제조업,624,적재된 H빔 낙하,낙하,적재물,운반물·자재
제조업,625,기계설비 검사 중 추락,추락,작업발판,가설구조물·고소설비
제조업,626,고소작업차 와이어로프 파단으로 추락,추락,와이어로프,운반물·자재
제조업,627,천막설치중 지붕에서 추락 사망,추락,지붕,건축물·구조물
제조업,628,반건식 반응탑 호퍼 내부 분진제거작업중 매몰되어 질식,질식,호퍼,압력용기·탱크
제조업,629,컨베이어 수리 중 이송된 철판에 맞아 사망,맞음,컨베이어,운반·인양기계
제조업,630,동력전달 회전축 돌출부에 협착,감김,회전축,기계·설비
제조업,631,파쇄기 프레임 상부에서 추락,추락,파쇄기,기계·설비
제조업,632,A형 사다리 위에서 작업 중 추락,추락,사다리,가설구조물·고소설비
제조업,633,"일반작업용 리프트 탑승 운행 중 협착, 사망",끼임,리프트,운반·인양기계
제조업,634,전동밸브 교체 작업중 감전,감전,전기설비,전기설비
제조업,635,휘발유 지하저장탱크 크리닝 작업 중 화재·폭발,폭발,저장탱크,압력용기·탱크
제조업,636,위험물질이 있는 플라스틱 용기에 화기작업중 폭발,폭발,인화성물질,화학물질·가스
제조업,637,차량 연료저장탱크에 화기작업중 화재로 사망,화재,저장탱크,압력용기·탱크
제조업,638,시내버스 상단에 광고용 스티커 부착중 추락,추락,차량,차량·건설기계
제조업,639,빌렛트에 묶인 철끈을 절단하던 중 빌렛트가 붕괴,깔림,지게차,운반·인양기계
제조업,640,선반에 가공물 체결 후 연마작업 중 협착,감김,선반,기계·설비
제조업,641,"컨베이어 테일풀리에 협착, 사망 1명",감김,컨베이어,운반·인양기계
제조업,642,중량물 권상작업중 충돌,충돌,중량물,운반물·자재
제조업,643,철밴드 절단작업중 코일 전도로 협착,전도,코일,운반물·자재
제조업,645,출발하는 덤프트럭에 충돌,충돌,덤프트럭,차량·건설기계
제조업,646,밸브 내압시험 중 체결 볼트/너트 비래·충돌,맞음,덮개,건축물·구조물
제조업,647,선반의 아대샤프트에 충돌,충돌,선반,기계·설비
제조업,648,파지압축기 유압푸셔 및 압축기 본체사이에 협착,협착,압축기,기계·설비
제조업,649,믹서기내 약품 샘플링 작업중 믹서기 임펠러에 협착,협착,혼합기,기계·설비
제조업,650,베니어판을 인력 운반하던 중 지게차에 충돌 사망,충돌,지게차,운반·인양기계
제조업,651,주물배합사 이송 컨베이어 점검 중 테일풀리에 협착,협착,컨베이어,운반·인양기계
제조업,652,자동화라인 점검 중 설비 운행에 의한 협착,협착,미분류,미분류
제조업,653,시험용 염색수조 전열히터 누전에 의한 감전,감전,전기설비,전기설비
제조업,654,트럭에서 하차작업중 파레트에 협착,협착,화물자동차,차량·건설기계
제조업,655,하차작업중인 테이블 리프트에 협착,협착,리프트,운반·인양기계
제조업,656,중량물 운반중 적재대 전도로 협착,협착,적재물,운반물·자재
제조업,657,탱크상부 철판 교정작업중 충돌,충돌,탱크,압력용기·탱크
제조업,658,Dripping pan에 걸린 cake 제거작업중 협착,협착,미분류,미분류
제조업,659,경사로에 정차된 화물차가 움직여 운전자 충돌,협착,화물자동차,차량·건설기계
제조업,660,계단에서 뒷걸음으로 이동중 전도,전도,계단,건축물·구조물
제조업,661,지게차 후진중 근로자 충돌,충돌,지게차,운반·인양기계
제조업,662,저장조 부착광석 제거중 매몰,붕괴,저장조,압력용기·탱크
제조업,663,단층 양면경사 지붕재(Slate) 파손으로 추락,추락,지붕,건축물·구조물
제조업,664,소각로 화격자 구동상태 관찰중 협착,협착,소각로,기계·설비
제조업,665,잉크용제 이송 중 누출로 인한 화재,화재,유기용제,화학물질·가스
제조업,666,용접불티에 의해 퇴적된 금속분진 폭발,폭발,분진,화학물질·가스
제조업,667,크레인 펜던트 스위치 수리 중 전기충전부에 감전,감전,크레인,운반·인양기계
제조업,668,분쇄기 칼날 교체작업 중 손상된 전선에 접촉되어 감전,감전,분쇄기,기계·설비
제조업,669,혼합기 내부 잔량 확인 중 협착,협착,혼합기,기계·설비
제조업,670,자동포장기에서 포장작업 중 Loader에 협착,협착,포장기,기계·설비
제조업,671,폐지압축기 내 리미트 스위치 수리 중 협착,협착,압축기,기계·설비
제조업,672,크레인으로 코일철판 이송 중 철판 코일이 낙하,낙하,크레인,운반·인양기계
제조업,673,청소차 후면 파커에서 불순물 제거작업 중 협착,협착,청소차량,차량·건설기계
제조업,674,철재계단에서 내려오던 중 전도,전도,계단,건축물·구조물
제조업,675,지게차로 철판 인양 작업 중 낙하,낙하,지게차,운반·인양기계
제조업,676,파이프 다발 인양 작업 중 적재중인 파이프가 붕괴,붕괴,파이프,운반물·자재
제조업,677,원사빔을 적재하다 적재대에서 원사빔 낙하,낙하,적재물,운반물·자재
제조업,678,스크랩 압축기 조립 작업 중 협착,협착,압축기,기계·설비
제조업,679,세탁기에 세탁물 투입 중 문과 협착,협착,미분류,미분류
제조업,680,유압식 사다리차 엘리카에 탑승하여 작업 중 추락,추락,사다리,가설구조물·고소설비
제조업,681,프레스 금형 수정 작업 중 금형에 협착,협착,프레스,기계·설비
제조업,682,경사로에 정차된 지게차가 움직여 충돌,충돌,지게차,운반·인양기계
제조업,683,천장크레인으로 강관 운반작업 중 훅에서 이탈하여 낙하,낙하,크레인,운반·인양기계
제조업,684,드럼통 상판절 용접기로 절단작업 중 폭발,폭발,드럼,압력용기·탱크
제조업,685,인출 작업 중 감전,화상,전기설비,전기설비
제조업,686,도장작업 중 변압기 충전부에 감전,감전,변압기,전기설비
제조업,687,누전된 저수조에 접촉하여 감전,감전,저수조,건축물·구조물
제조업,688,혼합기 내부 보수작업 중 협착,협착,혼합기,기계·설비
제조업,689,카고크레인 선회부 파손으로 추락,추락,크레인,운반·인양기계
제조업,690,유압실린더 수압시험 중 비래,맞음,미분류,미분류
제조업,691,달비계에 탑승하여 간판 철거작업 중 추락,추락,비계,가설구조물·고소설비
제조업,692,압력용기 절삭가공을 위한 임시 철제지그에 충돌,충돌,압력용기,압력용기·탱크
제조업,693,승강기 점검작업 중 운반구와 상부 구조물 사이에 협착,협착,승강기,운반·인양기계
제조업,694,축사 슬레이트 지붕 철거 작업 중 추락,추락,지붕,건축물·구조물
제조업,695,철판코일 선적작업 중 철판코일 사이에 협착,협착,코일,운반물·자재
제조업,697,내부 폭발로 튕겨 오르는 맨홀덮개에 충돌,폭발,맨홀,건축물·구조물
제조업,698,보행 중 골재운반용 페이로더에 충돌,충돌,로더,차량·건설기계
제조업,699,전자기판 보드 절단용 톱 청소 작업 중 협착,협착,표지구조물,건축물·구조물
제조업,700,집진기 청소 중 금속마그네슘 분진 폭발,폭발,분진,화학물질·가스
제조업,701,천장크레인으로 권상된 중량물 낙하,낙하,크레인,운반·인양기계
제조업,702,A형 사다리 위에서 노후간판 철거작업 중 추락,추락,사다리,가설구조물·고소설비
제조업,703,천장크레인으로 운반 중인 낙하물에 협착,협착,크레인,운반·인양기계
제조업,704,피복이 손상된 이동전선 취급 중 감전,감전,전선,전기설비
제조업,705,탑차의 수직형 리프트게이트와 공장 출입문 사이에 협착,감전,리프트,운반·인양기계
제조업,706,가동 중인 목재자공용 띠톱기계의 톱날에 접촉,끼임,미분류,미분류
제조업,707,컨테이너에 고철 적재작업 중 추락,추락,적재물,운반물·자재
제조업,708,가동 중인 컨베이어 벨트풀리에 협착,협착,컨베이어,운반·인양기계
제조업,709,운전경로를 이탈하여 전도된 지게차에 협착,협착,지게차,운반·인양기계
제조업,710,분쇄기에 얼음 투입작업 중 스크류 날에 협착,협착,분쇄기,기계·설비
제조업,711,누전되는 교류아크용접기 외함에 접촉된 이동식 사다리에 감전,감전,사다리,가설구조물·고소설비
제조업,712,용접준비작업 중 누출된 LP가스에 의해 화재·폭발,폭발,가스,화학물질·가스
제조업,713,화장품케이스 코팅액 교체작업중 화재·폭발,화재,유기용제,화학물질·가스
제조업,714,타워크레인 이동설치 작업중 지브크레인 전도,전도,지브크레인,운반·인양기계
제조업,715,교반기 내부작업 중 교반날에 협착,협착,교반기,기계·설비
제조업,716,자동차 정비작업 중 차량과 리프트사이에 협착,협착,리프트,운반·인양기계
제조업,717,포장작업 중 전도되는 철판코일에 협착,협착,코일,운반물·자재
제조업,718,일반작업용 리프트 승강로 내부로 추락,추락,리프트,운반·인양기계
제조업,719,낙하하는 일반작업용 리프트 운반구에 협착,협착,리프트,운반·인양기계
제조업,720,주차설비 개구부로 추락,추락,기계식주차설비,기계·설비
제조업,721,지게차 마스트와 헤드가드 사이에 협착,협착,지게차,운반·인양기계
제조업,722,세탁물 건조기 롤에 협착,협착,롤,기계·설비
제조업,723,전도되는 지브크레인에 협착,협착,지브크레인,운반·인양기계
제조업,724,열간단조 작업 중 보조철물 비래,맞음,금형,기계·설비
제조업,725,붕괴되는 콘크리트 파일 적재더미에 협착,붕괴,적재물,운반물·자재
제조업,726,버킷 컨베이어 구동벨트 체결 작업 중 협착,협착,컨베이어,운반·인양기계
제조업,727,인화성 물질 저장탱크 상부의 화재·폭발에 따른 추락,폭발,저장탱크,압력용기·탱크
제조업,728,옥외작업장에서 간이난로 사용 중 화재,화재,인화성물질,화학물질·가스
제조업,729,용해로 기울임용 유압계통 수리 중 협착,협착,용해로,기계·설비
제조업,730,벽돌 건조공정에서 자동이송대차에 충돌,충돌,대차,운반·인양기계
제조업,731,국소배기장치 덕트 해체 작업 중 추락,추락,고소작업대,가설구조물·고소설비
제조업,732,지게차 포크 위에서 추락,추락,지게차,운반·인양기계
제조업,733,리프트를 이용한 화물운반 작업 중 추락,추락,리프트,운반·인양기계
제조업,734,컨베이어 구동용 벨트풀리에 협착,협착,컨베이어,운반·인양기계
제조업,735,자동조형라인의 가동부와 고정부 사이에 협착,협착,미분류,미분류
제조업,736,블로우(Blow) 성형기 하부금형 사이에 협착,협착,성형기,기계·설비
제조업,737,유기용제 드럼통을 용접기로 절단작업중 폭발,폭발,드럼,압력용기·탱크
제조업,738,휴대용 연삭기로 도금조 사상작업중 감전,감전,연삭기,기계·설비
제조업,739,탱크상부에서 활성탄 충진상태 확인중 추락,추락,탱크,압력용기·탱크
제조업,740,슬라브(Slab) 적재장에서 크레인으로 운반하던중 협착,협착,크레인,운반·인양기계
제조업,741,슬래그 및 무연탄 하역장에서 오버헤드스크레이퍼에 협착,협착,적재물,운반물·자재
제조업,742,H형강을 카고크레인에 상차작업중 클램프에서 낙하,낙하,크레인,운반·인양기계
제조업,743,지게차 포크에 래들을 걸고 이동하던중 충돌,충돌,지게차,운반·인양기계
제조업,744,소각로 배출구 점검작업중 수증기폭발에 의한 화상,폭발,소각로,기계·설비
제조업,745,갠트리크레인 와이어로프 파단으로 강교박스 낙하,낙하,갠트리크레인,운반·인양기계
제조업,746,사출성형기 게이트가드 연동장치 기능제거후 작업중 협착,협착,사출성형기,기계·설비
제조업,747,선반으로 롤러 절삭작업중 파단되면서 비래,낙하,롤러,기계·설비
제조업,748,벨트컨베이어 가동중인 상태에서 점검중 협착,협착,컨베이어,운반·인양기계
제조업,749,레이저가공기로 절단작업중 협착,협착,가공기,기계·설비
제조업,750,감속기에 급유작업중 충돌,충돌,풀리,기계·설비
제조업,751,자동 용접로봇 점검작업중 협착,협착,산업용로봇,기계·설비
제조업,752,폐플라스틱 압축기 내부 청소작업중 협착,협착,압축기,기계·설비
제조업,753,권취기 하부에서 자동교체되는 제품롤에 협착,협착,권취기,기계·설비
제조업,754,트럭에 적재한 흄관 고정용 결속기구 해체작업중 붕괴,붕괴,화물자동차,차량·건설기계
제조업,755,크레인으로 래들을 틸팅기에 안착시키던중 용강 비산,화상,크레인,운반·인양기계
제조업,756,동력으로 작동되는 냉동창고 문사이에 협착,협착,미분류,미분류
제조업,757,인쇄공정 증설작업중 건조 챔버 상부 프레임에 협착,협착,인쇄기,기계·설비
제조업,758,천장 누수점검중 노출된 전선 충전부에 감전,감전,충전부,전기설비
제조업,759,위험물질 잘못 주입으로 유독가스 누출에 의한 중독,질식,유해가스,화학물질·가스
제조업,760,식물성 유지 저장탱크 용접작업중 폭발,폭발,저장탱크,압력용기·탱크
제조업,761,폐지자동압축기 내부 이물질 제거작업중 협착,협착,압축기,기계·설비
제조업,762,석분제거 작업중 컨베이어 벨트와 드럼사이 협착,협착,컨베이어,운반·인양기계
제조업,763,압연된 고무바닥재를 냉각롤에 걸어주던중 롤 사이에 협착,협착,롤,기계·설비
제조업,764,제품 취출작업중 Foot switch를 밟아 프레스에 협착,협착,프레스,기계·설비
제조업,765,배합기 원료채취 작업중 받침목 파손으로 인한 협착,협착,배합기,기계·설비
제조업,766,크레인 권상 와이어로프 파단으로 갱폼낙하,낙하,크레인,운반·인양기계
제조업,767,크레인 달기 체인슬링 파단으로 중량물 낙하·전도,낙하,크레인,운반·인양기계
제조업,768,육상하역 호퍼내부 사료덩어리 분쇄작업중 매몰,붕괴,호퍼,압력용기·탱크
제조업,769,압력밥솥을 타용도로 사용하기 위해 내압 시험중 뚜껑 비래,폭발,미분류,미분류
제조업,770,용해로 유압실린더 보수작업중 작동유 누출로 협착,협착,용해로,기계·설비
제조업,771,중공성형기 이물질 제거작업중 흉부 협착,협착,성형기,기계·설비
제조업,772,압출기에 폐비닐 투입작업중 팔이 함께 말리면서 협착,감김,압출기,기계·설비
제조업,773,공작기계 가공작업부에 들어가 청소작업중 엔드밀에 협착,감김,미분류,미분류
제조업,774,갠트리 크레인으로 수중교반기 인양작업중 추락,추락,갠트리크레인,운반·인양기계
제조업,775,호이스트에 운반구를 매달아 제품을 운반하던중 낙하,낙하,호이스트,운반·인양기계
제조업,776,터보냉동기 기어박스 기밀시험중 과압에 의한 폭발,폭발,주물,운반물·자재
제조업,777,전해조 음극봉 교체작업중 추락,추락,미분류,미분류
제조업,778,혼합용 교반기 내부 용접작업중 화재,화재,교반기,기계·설비
제조업,779,컨테이너박스에 적재물을 지게차로 적재하던중 추락,추락,지게차,운반·인양기계
제조업,780,리프트 신규설치후 도장작업중 협착,협착,리프트,운반·인양기계
제조업,781,천장크레인 와이어로프가 파단되면서 전용달기기구 낙하,낙하,크레인,운반·인양기계
제조업,782,청소차량 적재함 이물질 제거작업중 파카에 협착,협착,적재물,운반물·자재
제조업,783,목재 다편절단기(갱립쇼우) 청소·보수작업중 협착,감김,절단기,기계·설비
제조업,784,일반작업용 리프트 운반구 내부 정리작업중 협착,협착,리프트,운반·인양기계
제조업,785,수직순환식 주차장 청소작업중 협착,협착,팰릿,운반물·자재
제조업,786,원석파쇄 분쇄기 이물질 제거작업중 추락,추락,분쇄기,기계·설비
제조업,787,간이리프트(Dumb Waiter) 수리중 협착,협착,간이리프트,운반·인양기계
제조업,788,에어조끼를 입고 용접작업중 화재,화재,용접작업,수공구·작업
제조업,789,조명등 전선의 절연파괴로 인한 감전,감전,전선,전기설비
제조업,790,리프트 와이어로프 파단으로 인한 협착,협착,리프트,운반·인양기계
제조업,791,저장탱크에 배관설치를 위해 용단작업중 폭발,폭발,저장탱크,압력용기·탱크
제조업,792,호퍼내 원료붕괴로 인한 질식,질식,호퍼,압력용기·탱크
제조업,793,지게차 포크 위에 올라가 고소작업중 추락,추락,지게차,운반·인양기계
제조업,794,작업발판 오일에 의한 전도,전도,작업발판,가설구조물·고소설비
제조업,795,천장크레인 설치작업중 거더 낙하,낙하,크레인,운반·인양기계
제조업,796,생석회 저장호퍼 위에서 탱크로리 상차작업중 협착,협착,탱크,압력용기·탱크
제조업,797,프레스 가동중 판넬 수정작업에 의한 협착,협착,프레스,기계·설비
제조업,798,지게차 포크에 탑승하여 이동하던중 추락,추락,지게차,운반·인양기계
제조업,799,적재함에서 체인블럭을 해체하는 순간 H-beam 낙하,낙하,적재물,운반물·자재
제조업,800,특장차량 핸드그라인딩 작업중 감전,감전,전기설비,전기설비
제조업,801,압력용기에 가용접한 러그(Lug) 파단으로 인한 충돌,충돌,압력용기,압력용기·탱크
제조업,802,덤웨이터 음식물을 운반하던중 협착,협착,승강기,운반·인양기계
제조업,803,도색작업장 근처에서 용접작업중 화재·폭발,폭발,용접작업,수공구·작업
제조업,804,자동차 연료통 누출부위 용접작업중 화재,화재,용접작업,수공구·작업
제조업,805,지게차 위에서 유리창 청소작업중 추락,추락,지게차,운반·인양기계
제조업,806,광고간판 설치작업중 콘센트에 감전,감전,전기설비,전기설비
제조업,807,카렌다 파지 제거작업중 보강철판에서 추락,추락,철판,운반물·자재
제조업,808,청소차량 적재함 이물질제거 작업중 파카에 협착,협착,적재물,운반물·자재
제조업,809,경사진 노면에서 차량정비 작업중 협착,협착,차량,차량·건설기계
제조업,810,혼합기 청소작업중 협착,협착,혼합기,기계·설비
제조업,811,크레인 목적외 사용으로 인한 충돌,충돌,크레인,운반·인양기계
제조업,812,리프트 출입문 개방으로 인한 추락,추락,리프트,운반·인양기계
제조업,813,컨베이어 동시 점검작업중 협착,협착,컨베이어,운반·인양기계
제조업,814,지게차 급선회로 인한 중량물 낙하,낙하,지게차,운반·인양기계
제조업,815,이동형 전등 외함 접촉에 의한 감전,감전,전기설비,전기설비
제조업,816,전동차량 세척작업중 작업발판에서 추락,추락,작업발판,가설구조물·고소설비
제조업,817,칠러기 세척작업중 협착,협착,난간,건축물·구조물
제조업,818,지게차 포크에서 A형 프레임 전도,전도,지게차,운반·인양기계
제조업,819,지게차 운행중 중량물 충돌로 인한 전도,전도,지게차,운반·인양기계
제조업,820,인출기 전동기 누전으로 인한 감전,감전,전기설비,전기설비
제조업,821,중량물 운반작업중 진동에 의한 충돌,충돌,중량물,운반물·자재
제조업,822,황산 이송작업중 누출로 인한 화상,화상,화학물질,화학물질·가스
제조업,823,이동식 크레인으로 운반작업중 감전,감전,크레인,운반·인양기계
제조업,824,집진기 덕트내부 청소작업중 질식,질식,분진,화학물질·가스
제조업,825,스팀공급용 노통연관보일러 폭발사고,폭발,보일러,압력용기·탱크
제조업,826,물 분사용 고압압력용기 폭발사고,폭발,압력용기,압력용기·탱크
제조업,827,수동모드에서 템퍼링로 건조작업중 폭발사고,폭발,미분류,미분류
제조업,828,크레인 운전중 운전석에 달기기구 충돌후 전도사고,전도,크레인,운반·인양기계
제조업,829,강화유리 운반중 지게차 포크에 탑승하여 협착사고,협착,지게차,운반·인양기계
제조업,830,제품 교정작업중 돌출된 볼트에 말려 협착사고,협착,미분류,미분류
제조업,831,불량성형품 이형작업중 사출성형기 협착사고,협착,사출성형기,기계·설비
제조업,832,크레인으로 절곡기 금형하판을 운반하던중 협착사고,협착,크레인,운반·인양기계
제조업,845,크레인 팬던트스위치 수리중 감전사고,감전,크레인,운반·인양기계
제조업,846,배기닥트 설치작업중 감전사고,감전,전기설비,전기설비
제조업,862,변압기 COS 접촉에 의한 감전사고,감전,변압기,전기설비
제조업,863,폐목재함을 타워크레인으로 운반하던중 협착사고,협착,타워크레인,운반·인양기계
제조업,864,천장크레인 새들과 건물기둥사이에 협착사고,협착,크레인,운반·인양기계
제조업,1004,양수기 수리작업중 감전사고,감전,전기설비,전기설비
