photo,article_code,title,section,observable,sources,sig_sim,violation_scene,full_excerpt,LABEL
고소대작업,제46조,승강설비의 설치,편1 총칙 > 장6 추락 또는 붕괴에 의한 위험 방지 > 절1 추락에 의한 위험 방지,partial,SIG1,0.624,사진에는 2미터를 넘는 높이 차가 있는 작업장인데도 작업자가 안전하게 오르내릴 수 있는 건설용 리프트 등 승강설비가 보이지 않는다. 상·하부 작업면 사이 이동수단이 마련되지 않아 작업자가 임의로 접근해야 하는 현장처럼 보인다.,"사업주는 높이 또는 깊이가 2미터를 초과하는 장소에서 작업하는 경우 해당 작업에 종사하는 근로자가 안전하게 승강하기 위한 건설용 리프트 등의 설비를 설치해야 한다. 다만, 승강설비를 설치하는 것이 작업의 성질상 곤란한 경우에는 그렇지 않다. <개정 2022.10.18>",n
고소대작업,제156조,조립 등의 작업,편2 안전기준 > 장1 기계ㆍ기구 및 그 밖의 설비에 의한 위험예방 > 절9 양중기 > 관4 리프트,partial,SIG2,0.605,"리프트를 설치하거나 해체하는 구역인데 출입금지 표지나 통제 표시가 보이지 않고, 작업자들이 안전대 등 보호구 없이 작업하고 있다. 작업 구역과 일반 통행 공간의 구분이 없어 주변 사람이 함께 드나드는 모습으로 보인다.","① 사업주는 리프트의 설치ㆍ조립ㆍ수리ㆍ점검 또는 해체 작업을 하는 경우 다음 각 호의 조치를 하여야 한다.   1. 작업을 지휘하는 사람을 선임하여 그 사람의 지휘하에 작업을 실시할 것   2. 작업을 할 구역에 관계 근로자가 아닌 사람의 출입을 금지하고 그 취지를 보기 쉬운 장소에 표시할 것   3. 비, 눈, 그 밖에 기상상태의 불안정으로 날씨가 몹시 나쁜 경우에는 그 작업을 중지시킬 것 ② 사업주는 제1항제1호의 작업을 지휘하는 사람에게 다음 각 호의 사항을 이행하도록 하여야 한다.   1.",n
고소대작업,제186조,고소작업대 설치 등의 조치,편2 안전기준 > 장1 기계ㆍ기구 및 그 밖의 설비에 의한 위험예방 > 절10 차량계 하역운반기계등 > 관4 고소작업대,partial,SIG3/DEPL2,0.598,"사진에는 고소작업대가 작업 중인데 아웃트리거를 펼치지 않았고, 작업대 측면에 정격하중 표시나 가드가 보이지 않는다. 탑승 작업자는 안전모·안전대를 착용하지 않았거나 작업대 밖으로 몸을 내밀어 구조물로 넘어가 있고, 주변에는 출입통제 없이 다른 사람이 가까이 접근해 있다.","① 사업주는 고소작업대를 설치하는 경우에는 다음 각 호에 해당하는 것을 설치하여야 한다.   1. 작업대를 와이어로프 또는 체인으로 올리거나 내릴 경우에는 와이어로프 또는 체인이 끊어져 작업대가 떨어지지 아니하는 구조여야 하며, 와이어로프 또는 체인의 안전율은 5 이상일 것   2. 작업대를 유압에 의해 올리거나 내릴 경우에는 작업대를 일정한 위치에 유지할 수 있는 장치를 갖추고 압력의 이상저하를 방지할 수 있는 구조일 것   3. 권과방지장치를 갖추거나 압력의 이상상승을 방지할 수 있는 구조일 ",y
고소대작업,제49조,조명의 유지,편1 총칙 > 장6 추락 또는 붕괴에 의한 위험 방지 > 절1 추락에 의한 위험 방지,partial,SIG4,0.591,"비계나 작업발판 위에서 작업하는 구역이 전반적으로 어둡고, 작업 위치나 발 디딤면이 잘 보이지 않는다. 높은 곳에서 작업자가 일하고 있지만 주변에 작업등이나 충분한 조명이 없어 시야 확보가 어려워 보인다.",사업주는 근로자가 높이 2미터 이상에서 작업을 하는 경우 그 작업을 안전하게 하는 데에 필요한 조명을 유지하여야 한다.,n
고소대작업,제418조,교량에서의 추락 방지,편2 안전기준 > 장8 궤도 관련 작업 등에 의한 위험 방지 > 절4 터널ㆍ지하구간 및 교량 작업 시의 위험방지,yes,SIG5,0.586,"교량 위 궤도나 설비를 점검·보수하는 작업자가 가장자리 가까이 서 있는데, 주변에 안전난간이나 안전망이 보이지 않는다. 작업자도 안전대를 착용하지 않은 채 개방된 구간에서 그대로 작업하고 있다.",사업주는 교량에서 궤도와 그 밖의 관련 설비의 보수ㆍ점검 등의 작업을 하는 경우에 추락 위험을 방지할 수 있도록 안전난간 또는 안전망을 설치하거나 안전대를 지급하여 착용하게 하여야 한다.,n
고소대작업,제162조,조립 등의 작업,편2 안전기준 > 장1 기계ㆍ기구 및 그 밖의 설비에 의한 위험예방 > 절9 양중기 > 관6 승강기,partial,SIG6,0.586,"승강기 설치나 수리 작업이 진행 중인 구역인데 출입금지 표지나 구역 통제가 보이지 않고, 주변에 작업과 무관해 보이는 사람이 함께 드나든다. 승강로 주변에서 일하는 작업자에게 안전대 등 보호구 착용이 보이지 않는다.","① 사업주는 사업장에 승강기의 설치ㆍ조립ㆍ수리ㆍ점검 또는 해체 작업을 하는 경우 다음 각 호의 조치를 해야 한다.   1. 작업을 지휘하는 사람을 선임하여 그 사람의 지휘하에 작업을 실시할 것   2. 작업을 할 구역에 관계 근로자가 아닌 사람의 출입을 금지하고 그 취지를 보기 쉬운 장소에 표시할 것   3. 비, 눈, 그 밖에 기상상태의 불안정으로 날씨가 몹시 나쁜 경우에는 그 작업을 중지시킬 것 ② 사업주는 제1항제1호의 작업을 지휘하는 사람에게 다음 각 호의 사항을 이행하도록 하여야 한다. ",n
고소대작업,제68조,이동식비계,편1 총칙 > 장7 비계 > 절5 말비계 및 이동식비계,partial,SIG7,0.583,"바퀴 달린 이동식비계가 작업 중인데 바퀴 고정장치나 아웃트리거가 보이지 않고, 상부 작업발판 가장자리에도 안전난간이 없다. 작업자는 기울어진 발판 위에서 난간을 딛거나 발판 위에 올린 사다리를 사용해 불안정하게 작업하고 있다.","사업주는 이동식비계를 조립하여 작업을 하는 경우에는 다음 각 호의 사항을 준수하여야 한다. <개정 2019.10.15, 2024.6.28>   1. 이동식비계의 바퀴에는 뜻밖의 갑작스러운 이동 또는 전도를 방지하기 위하여 브레이크ㆍ쐐기 등으로 바퀴를 고정시킨 다음 비계의 일부를 견고한 시설물에 고정하거나 아웃트리거를 설치하는 등 필요한 조치를 할 것   2. 승강용사다리는 견고하게 설치할 것   3. 비계의 최상부에서 작업을 하는 경우에는 안전난간을 설치할 것   4. 작업발판은 항상 수평을 유지",n
고소대작업,제42조,추락의 방지,편1 총칙 > 장6 추락 또는 붕괴에 의한 위험 방지 > 절1 추락에 의한 위험 방지,partial,SIG8,0.577,"높은 작업 위치에서 근로자가 작업발판 없이 가장자리나 설비 위에 서서 작업하고, 아래쪽에도 추락방호망이 보이지 않는다. 또는 이동식 사다리 위에서 최상부 발판에 올라선 채 안전대 없이 작업하거나, 사다리가 고정·지지되지 않은 상태로 불안정하게 세워져 있다.","① 사업주는 근로자가 추락하거나 넘어질 위험이 있는 장소[작업발판의 끝ㆍ개구부(開口部) 등을 제외한다]또는 기계ㆍ설비ㆍ선박블록 등에서 작업을 할 때에 근로자가 위험해질 우려가 있는 경우 비계(飛階)를 조립하는 등의 방법으로 작업발판을 설치하여야 한다. ② 사업주는 제1항에 따른 작업발판을 설치하기 곤란한 경우 다음 각 호의 기준에 맞는 추락방호망을 설치해야 한다. 다만, 추락방호망을 설치하기 곤란한 경우에는 근로자에게 안전대를 착용하도록 하는 등 추락위험을 방지하기 위해 필요한 조치를 해야 한다.",n
고소대작업,제44조,안전대의 부착설비 등,편1 총칙 > 장6 추락 또는 붕괴에 의한 위험 방지 > 절1 추락에 의한 위험 방지,partial,SIG9,0.568,높은 작업 위치에서 작업자가 안전대를 착용하고 있지만 훅을 걸 수 있는 부착설비나 지지로프가 보이지 않는다. 또는 지지로프가 느슨하게 처져 있거나 풀린 상태로 설치되어 있어 추락 시 안전하게 지지되지 않을 것처럼 보인다.,① 사업주는 추락할 위험이 있는 높이 2미터 이상의 장소에서 근로자에게 안전대를 착용시킨 경우 안전대를 안전하게 걸어 사용할 수 있는 설비 등을 설치하여야 한다. 이러한 안전대 부착설비로 지지로프 등을 설치하는 경우에는 처지거나 풀리는 것을 방지하기 위하여 필요한 조치를 하여야 한다. ② 사업주는 제1항에 따른 안전대 및 부속설비의 이상 유무를 작업을 시작하기 전에 점검하여야 한다.,y
고소대작업,제634조,가스배관공사 등에 관한 조치,편3 보건기준 > 장10 밀폐공간 작업으로 인한 건강장해의 예방 > 절3 유해가스 발생장소 등에 대한 조치기준,partial,SIG10,0.565,"맨홀이나 지하실 같은 좁고 환기 나쁜 공간 안에서 작업자가 가스배관을 분리하거나 연결하고 있는데, 주변에 환기설비가 보이지 않고 작업자도 공기호흡기나 송기마스크를 착용하지 않은 모습이다. 배관 작업이 밀폐공간 내부에서 그대로 진행되는 장면이 보인다.",① 사업주는 근로자가 지하실이나 맨홀의 내부 또는 그 밖에 통풍이 불충분한 장소에서 가스를 공급하는 배관을 해체하거나 부착하는 작업을 하는 경우에 다음 각 호의 조치를 하여야 한다.   1. 배관을 해체하거나 부착하는 작업장소에 해당 가스가 들어오지 않도록 차단할 것   2. 해당 작업을 하는 장소는 적정공기 상태가 유지되도록 환기를 하거나 근로자에게 공기호흡기 또는 송기마스크를 지급하여 착용하도록 할 것 ② 근로자는 제1항제2호에 따라 지급된 보호구를 사업주의 지시에 따라 착용하여야 한다.,n
고소대작업,제32조,보호구의 지급 등,편1 총칙 > 장4 보호구,partial,SIG11,0.562,"철골 상부, 용접 지점, 분진이 날리는 하역 현장, 이륜차 배송 현장 등에서 작업자가 해당 작업에 맞는 보호구를 착용하지 않은 채 작업하거나 주행하는 모습이 보인다. 높은 곳 작업자에게 안전대가 없거나, 용접 작업자에게 보안면이 없고, 배송 운전자가 안전모 없이 이동하는 장면이 위반 신호로 보인다.","① 사업주는 다음 각 호의 어느 하나에 해당하는 작업을 하는 근로자에 대해서는 다음 각 호의 구분에 따라 그 작업조건에 맞는 보호구를 작업하는 근로자 수 이상으로 지급하고 착용하도록 하여야 한다.   1. 물체가 떨어지거나 날아올 위험 또는 근로자가 추락할 위험이 있는 작업: 안전모   2. 높이 또는 깊이 2미터 이상의 추락할 위험이 있는 장소에서 하는 작업: 안전대(安全帶)   3. 물체의 낙하ㆍ충격, 물체에의 끼임, 감전 또는 정전기의 대전(帶電)에 의한 위험이 있는 작업: 안전화   4. ",y
고소대작업,제14조,낙하물에 의한 위험의 방지,편1 총칙 > 장2 작업장,partial,SIG12,0.561,"건물 외벽이나 비계 상부에서 작업이 진행되는데 아래쪽 바닥과 통로가 그대로 열려 있고, 외측에는 낙하물방지망이나 방호선반이 보이지 않는다. 낙하 위험 구역에 출입금지 표시도 없이 작업자나 통행자가 드나들고 있다.","① 사업주는 작업장의 바닥, 도로 및 통로 등에서 낙하물이 근로자에게 위험을 미칠 우려가 있는 경우 보호망을 설치하는 등 필요한 조치를 하여야 한다. ② 사업주는 작업으로 인하여 물체가 떨어지거나 날아올 위험이 있는 경우 낙하물 방지망, 수직보호망 또는 방호선반의 설치, 출입금지구역의 설정, 보호구의 착용 등 위험을 방지하기 위하여 필요한 조치를 하여야 한다. 이 경우 낙하물 방지망 및 수직보호망은 「산업표준화법」 제12조에 따른 한국산업표준(이하 ""한국산업표준""이라 한다)에서 정하는 성능기준에 ",n
고소대작업,제45조,지붕 위에서의 위험 방지,편1 총칙 > 장6 추락 또는 붕괴에 의한 위험 방지 > 절1 추락에 의한 위험 방지,yes,SIG13,0.556,"작업자가 지붕 가장자리 가까이에서 일하고 있는데 가장자리에 안전난간이 없고, 채광창이 덮개 없이 드러나 있다. 슬레이트 같은 약한 지붕면에는 발판이 보이지 않으며, 아래쪽 추락방호망이나 작업자의 안전대 착용도 확인되지 않는다.",① 사업주는 근로자가 지붕 위에서 작업을 할 때에 추락하거나 넘어질 위험이 있는 경우에는 다음 각 호의 조치를 해야 한다.   1. 지붕의 가장자리에 제13조에 따른 안전난간을 설치할 것   2. 채광창(skylight)에는 견고한 구조의 덮개를 설치할 것   3. 슬레이트 등 강도가 약한 재료로 덮은 지붕에는 폭 30센티미터 이상의 발판을 설치할 것 ② 사업주는 작업 환경 등을 고려할 때 제1항제1호에 따른 조치를 하기 곤란한 경우에는 제42조제2항 각 호의 기준을 갖춘 추락방호망을 설치해야 한,n
고소대작업,제206조,수리 등의 작업 시 조치,편2 안전기준 > 장1 기계ㆍ기구 및 그 밖의 설비에 의한 위험예방 > 절12 건설기계 등 > 관1 차량계 건설기계 등,partial,SIG14,0.549,"굴착기나 다른 차량계 건설기계의 작업장치가 들어 올려진 채 정비 중인데, 하부나 주변에 안전지지대나 안전블록이 보이지 않는다. 부속장치를 떼거나 다는 작업이 진행되지만 장비를 기계적으로 지지한 흔적 없이 작업자가 바로 접근해 있다.",사업주는 차량계 건설기계의 수리나 부속장치의 장착 및 제거작업을 하는 경우 그 작업을 지휘하는 사람을 지정하여 다음 각 호의 사항을 준수하도록 하여야 한다. <개정 2019.10.15>   1. 작업순서를 결정하고 작업을 지휘할 것   2. 제205조의 안전지지대 또는 안전블록 등의 사용상황 등을 점검할 것,n
고소대작업,제654조,보호구의 지급 등,편3 보건기준 > 장11 사무실에서의 건강장해 예방 > 절4 공기정화설비등의 개ㆍ보수 시 조치,partial,SIG15,0.548,"공조기나 덕트, 필터를 열어 청소하거나 수리하는 작업자가 맨얼굴로 작업하고 있다. 먼지나 오염물이 나올 수 있는 설비 내부를 다루는데도 보안경과 방진마스크가 보이지 않는다.","① 사업주는 근로자가 공기정화설비등의 청소, 개ㆍ보수작업을 하는 경우에 보안경, 방진마스크 등 적절한 보호구를 지급하고 착용하도록 하여야 한다. ② 제1항에 따라 보호구를 지급하는 경우에 근로자 개인 전용의 것을 지급하여야 한다. ③ 근로자는 제1항에 따라 지급된 보호구를 사업주의 지시에 따라 착용하여야 한다.",n
고소대작업,제545조,스쿠버 잠수작업 시 조치,편3 보건기준 > 장5 이상기압에 의한 건강장해의 예방 > 절3 작업방법 등,partial,DEPL1,,"수중 작업 구역에서 스쿠버 잠수작업자가 혼자 작업하고 있고, 주변에 감시인으로 보이는 인원이 없다. 작업자 장비를 보면 부력조절기나 비상기체통, 수중압력계·수중시계·칼 같은 필수 휴대 장비가 빠져 있어 즉시 대응 수단이 부족해 보인다.","① 사업주는 근로자가 스쿠버 잠수작업을 하는 경우에는 잠수작업자 2명을 1조로 하여 잠수작업을 하도록 하여야 하며, 잠수작업을 하는 곳에 감시인을 두어 잠수작업자의 이상 유무를 감시하게 하여야 한다. ② 사업주는 스쿠버 잠수작업(실내에서 잠수작업을 하는 경우는 제외한다)을 하는 잠수작업자에게 비상기체통을 제공하여야 한다. ③ 사업주는 호흡용 기체통 및 비상기체통의 기능의 이상 유무 및 해당 기체통에 저장된 호흡용 기체량 등을 확인하여 그 내용을 잠수작업자에게 알려야 하며, 이상이 있는 호흡용 기체",n
고소대작업,제561조,환기장치의 설치 등,편3 보건기준 > 장6 온도ㆍ습도에 의한 건강장해의 예방 > 절2 설비 기준 등,partial,DEPL3,,"실내 작업장에 가열로 같은 고열 설비가 खुल려 있고, 그 앞에서 작업자가 바로 열을 받으며 작업한다. 주변에 환기장치, 열원 격리 구조물, 차열판이 보이지 않는다.","사업주는 실내에서 고열작업을 하는 경우에 고열을 감소시키기 위하여 환기장치 설치, 열원과의 격리, 복사열 차단 등 필요한 조치를 하여야 한다.",n
고소대작업,제73조,덕트,편1 총칙 > 장8 환기장치,partial,DEPL4,,"작업장 천장이나 벽을 따라 설치된 배기덕트가 불필요하게 길게 돌아가고 엘보가 여러 번 꺾여 있다. 덕트 연결부는 틈이 보이거나 임시 보수 흔적이 있고, 청소구가 보이지 않아 유지관리하기 어려워 보인다.",사업주는 분진등을 배출하기 위하여 설치하는 국소배기장치(이동식은 제외한다)의 덕트(duct)가 다음 각 호의 기준에 맞도록 하여야 한다.   1. 가능하면 길이는 짧게 하고 굴곡부의 수는 적게 할 것   2. 접속부의 안쪽은 돌출된 부분이 없도록 할 것   3. 청소구를 설치하는 등 청소하기 쉬운 구조로 할 것   4. 덕트 내부에 오염물질이 쌓이지 않도록 이송속도를 유지할 것   5. 연결 부위 등은 외부 공기가 들어오지 않도록 할 것,n
고소대작업,제549조,관리감독자의 휴대기구,편3 보건기준 > 장5 이상기압에 의한 건강장해의 예방 > 절4 관리 등,partial,DEPL5,,"고압작업 현장에 감독 역할의 인원이 서 있지만 몸에 압력계나 가스농도측정기, 손전등 같은 휴대기구가 보이지 않는다. 비상 시 사용할 신호용 기구도 확인되지 않아 필요한 휴대장비 없이 현장을 관리하는 모습이다.","사업주는 고압작업의 관리감독자에게 휴대용압력계ㆍ손전등, 이산화탄소 등 유해가스농도측정기 및 비상시에 사용할 수 있는 신호용 기구를 지니도록 하여야 한다. <개정 2012.3.5>",n
고소대작업,제43조,개구부 등의 방호 조치,편1 총칙 > 장6 추락 또는 붕괴에 의한 위험 방지 > 절1 추락에 의한 위험 방지,yes,DEPL6,,"바닥이나 작업발판 끝이 그대로 열려 있는데도 안전난간이나 울타리, 덮개가 보이지 않아 사람이 바로 떨어질 수 있어 보인다. 난간을 치운 자리에서 작업이 진행되지만 아래쪽 추락방호망이 없고 작업자도 안전대를 착용하지 않은 모습이다.","① 사업주는 작업발판 및 통로의 끝이나 개구부로서 근로자가 추락할 위험이 있는 장소에는 안전난간, 울타리, 수직형 추락방망 또는 덮개 등(이하 이 조에서 ""난간등""이라 한다)의 방호 조치를 충분한 강도를 가진 구조로 튼튼하게 설치하여야 하며, 덮개를 설치하는 경우에는 뒤집히거나 떨어지지 않도록 설치하여야 한다. 이 경우 어두운 장소에서도 알아볼 수 있도록 개구부임을 표시해야 하며, 수직형 추락방망은 한국산업표준에서 정하는 성능기준에 적합한 것을 사용해야 한다. ② 사업주는 난간등을 설치하는 것이 ",n
고소대작업,제319조,정전전로에서의 전기작업,편2 안전기준 > 장3 전기로 인한 위험 방지 > 절3 전기작업에 대한 위험 방지,partial,DEPL7,,"열린 분전반이나 전기기기 내부의 노출 충전부 가까이에서 작업자가 작업하고 있는데, 차단장치에는 잠금장치와 꼬리표가 보이지 않는다. 정전 작업 장면처럼 보이지만 접지기구나 검전 흔적 없이 충전부 인근에 손과 공구가 바로 들어가 있는 모습이다.","① 사업주는 근로자가 노출된 충전부 또는 그 부근에서 작업함으로써 감전될 우려가 있는 경우에는 작업에 들어가기 전에 해당 전로를 차단하여야 한다. 다만, 다음 각 호의 경우에는 그러하지 아니하다.   1. 생명유지장치, 비상경보설비, 폭발위험장소의 환기설비, 비상조명설비 등의 장치ㆍ설비의 가동이 중지되어 사고의 위험이 증가되는 경우   2. 기기의 설계상 또는 작동상 제한으로 전로차단이 불가능한 경우   3. 감전, 아크 등으로 인한 화상, 화재ㆍ폭발의 위험이 없는 것으로 확인된 경우 ② 제1항의",n
고소대작업,제523조,작업실 공기의 부피,편3 보건기준 > 장5 이상기압에 의한 건강장해의 예방 > 절2 설비 등,partial,DEPL8,,좁고 밀폐된 고압 작업실 안에 여러 작업자가 빽빽하게 들어가 있어 사람 수에 비해 내부 공간이 매우 부족해 보인다. 작업 공간의 여유가 거의 없어 1인당 필요한 공기 부피가 확보되지 않은 듯한 모습이다.,사업주는 근로자가 고압작업을 하는 경우에는 작업실의 공기의 부피가 고압작업자 1명당 4세제곱미터 이상이 되도록 하여야 한다. <개정 2017.12.28>,n
고소대작업,제133조,정격하중 등의 표시,편2 안전기준 > 장1 기계ㆍ기구 및 그 밖의 설비에 의한 위험예방 > 절9 양중기 > 관1 총칙,partial,DEPL9,,"크레인이나 호이스트 본체, 조작부 주변을 봐도 정격하중·운전속도·경고표시가 보이지 않는다. 슬링이나 샤클 같은 달기구에도 정격하중을 알 수 있는 태그나 각인이 없어 작업자가 허용 하중을 확인할 수 없는 모습이다.","사업주는 양중기(승강기는 제외한다) 및 달기구를 사용하여 작업하는 운전자 또는 작업자가 보기 쉬운 곳에 해당 기계의 정격하중, 운전속도, 경고표시 등을 부착하여야 한다. 다만, 달기구는 정격하중만 표시한다.",n
고소대작업,제540조,배기ㆍ침하 시의 조치,편3 보건기준 > 장5 이상기압에 의한 건강장해의 예방 > 절3 작업방법 등,no,DEPL10,,,"① 사업주는 물 속에서 작업을 하기 위하여 만들어진 구조물(이하 ""잠함(潛函)""이라 한다)을 물 속으로 가라앉히는 경우에 우선 고압작업자를 잠함의 밖으로 대피시키고 내부의 공기를 바깥으로 내보내야 한다. ② 제1항에 따라 잠함을 가라앉히는 경우에는 유해가스의 발생 여부 또는 그 밖의 사항을 점검하고 고압작업자에게 건강장해를 일으킬 우려가 없는지를 확인한 후에 작업하도록 하여야 한다.",n
지게차,제11조,작업장의 출입구,편1 총칙 > 장2 작업장,partial,SIG1,0.653,"창고 출입구가 지게차 전용 통로와 바로 붙어 있는데, 사람용 문이 따로 없고 주변에 경보등이나 비상벨도 보이지 않는다. 또 다른 사진에서는 출입문을 열면 곧바로 계단이 시작되는데, 사이의 이격거리나 안내표지가 없다.","사업주는 작업장에 출입구(비상구는 제외한다. 이하 같다)를 설치하는 경우 다음 각 호의 사항을 준수하여야 한다.   1. 출입구의 위치, 수 및 크기가 작업장의 용도와 특성에 맞도록 할 것   2. 출입구에 문을 설치하는 경우에는 근로자가 쉽게 열고 닫을 수 있도록 할 것   3. 주된 목적이 하역운반기계용인 출입구에는 인접하여 보행자용 출입구를 따로 설치할 것   4. 하역운반기계의 통로와 인접하여 있는 출입구에서 접촉에 의하여 근로자에게 위험을 미칠 우려가 있는 경우에는 비상등ㆍ비상벨 등 경보",n
지게차,제195조,통행의 제한 등,편2 안전기준 > 장1 기계ㆍ기구 및 그 밖의 설비에 의한 위험예방 > 절11 컨베이어,yes,SIG2/DEPL5,0.617,"가동 중인 컨베이어 위를 건너야 하는 위치인데 전용 건널다리가 없어서 작업자가 설비를 직접 넘고 있다. 동일선상으로 이어진 구간별 컨베이어 사이에는 중량물 충돌을 막는 스토퍼가 없고, 작업자가 그 사이 공간에 그대로 드나들 수 있게 열려 있다.",① 사업주는 운전 중인 컨베이어등의 위로 근로자를 넘어가도록 하는 경우에는 위험을 방지하기 위하여 건널다리를 설치하는 등 필요한 조치를 하여야 한다. ② 사업주는 동일선상에 구간별 설치된 컨베이어에 중량물을 운반하는 경우에는 중량물 충돌에 대비한 스토퍼를 설치하거나 작업자 출입을 금지하여야 한다.,y
지게차,제179조,전조등 등의 설치,편2 안전기준 > 장1 기계ㆍ기구 및 그 밖의 설비에 의한 위험예방 > 절10 차량계 하역운반기계등 > 관2 지게차,partial,SIG3/DEPL2,0.606,작업장 안을 주행하는 지게차의 전면이나 후면에 등화장치가 보이지 않는다. 보행 근로자가 가까이 있는 하역 구역인데도 지게차 후방에 경광등이나 후방감지기 같은 후방확인 장치가 보이지 않는다.,"① 사업주는 전조등과 후미등을 갖추지 아니한 지게차를 사용해서는 아니 된다. 다만, 작업을 안전하게 수행하기 위하여 필요한 조명이 확보되어 있는 장소에서 사용하는 경우에는 그러하지 아니하다. ② 사업주는 지게차 작업 중 근로자와 충돌할 위험이 있는 경우에는 지게차에 후진경보기와 경광등을 설치하거나 후방감지기를 설치하는 등 후방을 확인할 수 있는 조치를 해야 한다.",m
지게차,제144조,건설물 등과의 사이 통로,편2 안전기준 > 장1 기계ㆍ기구 및 그 밖의 설비에 의한 위험예방 > 절9 양중기 > 관2 크레인,partial,SIG4,0.59,공장 내부에서 주행 크레인과 벽 또는 설비 사이에 사람이 겨우 비집고 지나갈 정도의 좁은 통로가 보인다. 다른 장면에서는 작업자가 주행궤도나 통로 위에서 점검 중인데 바로 인접한 위치에 크레인이 있어 접촉 위험이 느껴진다.,"① 사업주는 주행 크레인 또는 선회 크레인과 건설물 또는 설비와의 사이에 통로를 설치하는 경우 그 폭을 0.6미터 이상으로 하여야 한다. 다만, 그 통로 중 건설물의 기둥에 접촉하는 부분에 대해서는 0.4미터 이상으로 할 수 있다. ② 사업주는 제1항에 따른 통로 또는 주행궤도 상에서 정비ㆍ보수ㆍ점검 등의 작업을 하는 경우 그 작업에 종사하는 근로자가 주행하는 크레인에 접촉될 우려가 없도록 크레인의 운전을 정지시키는 등 필요한 안전 조치를 하여야 한다.",n
지게차,제414조,유도자의 지정 등,편2 안전기준 > 장8 궤도 관련 작업 등에 의한 위험 방지 > 절3 입환작업 시의 위험방지,partial,SIG5,0.579,"선로에서 입환기가 차량을 밀거나 당기고 있는데 주변에 유도자가 보이지 않거나, 시야가 꺾이는 구간인데도 중간 유도자가 없다. 근로자들이 선로 가까이에 서 있지만 확성기나 경보기 같은 경보장비를 든 사람도 보이지 않는다.","① 입환기 운전자와 유도하는 사람 사이에는 서로 팔이나 기(旗) 또는 등(燈)에 의한 신호를 맨눈으로 확인하여 안전하게 작업하도록 하여야 하고, 맨눈으로 신호를 확인할 수 없는 곳에서의 입환작업은 연계(連繫) 유도자를 두어 작업하도록 하여야 한다. 다만, 정확히 의사를 전달할 수 있는 무전기 등의 통신수단을 지급한 경우에는 연계 유도자를 따로 두지 아니할 수 있다. ② 사업주는 입환기 운행 시 제1항 본문에 따른 유도하는 사람이 근로자의 추락ㆍ충돌ㆍ끼임 등의 위험요인을 감시하면서 입환기를 유도하도",n
지게차,제139조,크레인의 수리 등의 작업,편2 안전기준 > 장1 기계ㆍ기구 및 그 밖의 설비에 의한 위험예방 > 절9 양중기 > 관2 크레인,partial,SIG6,0.567,"병렬로 놓인 주행 크레인 주행로에서 작업자가 수리나 점검을 하고 있는데, 작업구간에 스토퍼나 충돌 방지 조치가 보이지 않는다. 갠트리 크레인 레일 주변에서는 새들 돌출부와 구조물 사이 간격이 매우 좁은데도 바닥에 안전공간 표시가 없어 끼일 위험이 그대로 드러난다.","① 사업주는 같은 주행로에 병렬로 설치되어 있는 주행 크레인의 수리ㆍ조정 및 점검 등의 작업을 하는 경우, 주행로상이나 그 밖에 주행 크레인이 근로자와 접촉할 우려가 있는 장소에서 작업을 하는 경우 등에 주행 크레인끼리 충돌하거나 주행 크레인이 근로자와 접촉할 위험을 방지하기 위하여 감시인을 두고 주행로상에 스토퍼(stopper)를 설치하는 등 위험 방지 조치를 하여야 한다. ② 사업주는 갠트리 크레인 등과 같이 작업장 바닥에 고정된 레일을 따라 주행하는 크레인의 새들(saddle) 돌출부와 주변",n
지게차,제200조,접촉 방지,편2 안전기준 > 장1 기계ㆍ기구 및 그 밖의 설비에 의한 위험예방 > 절12 건설기계 등 > 관1 차량계 건설기계 등,partial,SIG7,0.564,"굴착기나 덤프트럭이 작업하는 바로 곁이나 앞뒤에 근로자가 함께 서 있거나 지나가고 있다. 기계의 주행로나 선회 범위 안에 사람이 들어와 있는데, 이를 분리하거나 유도하는 사람이 보이지 않는다.","① 사업주는 차량계 건설기계를 사용하여 작업을 하는 경우에는 운전 중인 해당 차량계 건설기계에 접촉되어 근로자가 부딪칠 위험이 있는 장소에 근로자를 출입시켜서는 아니 된다. 다만, 유도자를 배치하고 해당 차량계 건설기계를 유도하는 경우에는 그러하지 아니하다. ② 차량계 건설기계의 운전자는 제1항 단서의 유도자가 유도하는 대로 따라야 한다.",n
지게차,제25조,갱내통로 등의 위험 방지,편1 총칙 > 장3 통로,yes,SIG8,0.564,"갱내 통로나 사다리식 통로 바로 옆에 권상장치가 드러나 있고, 사람과 설비 사이를 막아 주는 판자벽이나 격벽이 보이지 않는다. 근로자가 지나가거나 오르내리는 동선이 권상장치와 바로 맞닿아 접촉 위험이 그대로 노출된 모습이다.",사업주는 갱내에 설치한 통로 또는 사다리식 통로에 권상장치(卷上裝置)가 설치된 경우 권상장치와 근로자의 접촉에 의한 위험이 있는 장소에 판자벽이나 그 밖에 위험 방지를 위한 격벽(隔壁)을 설치하여야 한다.,n
지게차,제172조,접촉의 방지,편2 안전기준 > 장1 기계ㆍ기구 및 그 밖의 설비에 의한 위험예방 > 절10 차량계 하역운반기계등 > 관1 총칙,partial,SIG9,0.56,하역장비가 화물을 옮기고 있는 작업반경 안에 다른 근로자가 함께 들어와 서 있다. 장비의 진행 경로나 화물 바로 옆에 사람이 노출되어 있어 접촉 위험이 직접 보이는 장면이다.,"① 사업주는 차량계 하역운반기계등을 사용하여 작업을 하는 경우에 하역 또는 운반 중인 화물이나 그 차량계 하역운반기계등에 접촉되어 근로자가 위험해질 우려가 있는 장소에는 근로자를 출입시켜서는 아니 된다. 다만, 제39조에 따른 작업지휘자 또는 유도자를 배치하고 그 차량계 하역운반기계등을 유도하는 경우에는 그러하지 아니하다. ② 차량계 하역운반기계등의 운전자는 제1항 단서의 작업지휘자 또는 유도자가 유도하는 대로 따라야 한다.",n
지게차,제192조,비상정지장치,편2 안전기준 > 장1 기계ㆍ기구 및 그 밖의 설비에 의한 위험예방 > 절11 컨베이어,yes,SIG10,0.555,"작업자가 바로 옆에서 사용하는 컨베이어가 길게 돌아가고 있는데, 측면이나 투입부 주변 어디에도 비상정지버튼이나 로프형 비상정지장치가 보이지 않는다. 신체가 말려들 수 있는 롤러와 벨트가 노출된 상태인데도 즉시 설비를 멈출 수단이 없는 모습이다.","사업주는 컨베이어등에 해당 근로자의 신체의 일부가 말려드는 등 근로자가 위험해질 우려가 있는 경우 및 비상시에는 즉시 컨베이어등의 운전을 정지시킬 수 있는 장치를 설치하여야 한다. 다만, 무동력상태로만 사용하여 근로자가 위험해질 우려가 없는 경우에는 그러하지 아니하다.",n
지게차,제22조,통로의 설치,편1 총칙 > 장3 통로,yes,SIG11,0.552,"작업장 내부 보행 통로에 자재와 물품이 쌓여 있거나 설비가 통로를 침범해 사람이 안전하게 지나가기 어려워 보인다. 통로 표시가 없거나 흐릿하고, 머리 높이의 배관이나 부재가 통로 위로 내려와 있는데도 이를 피하게 하는 안전조치가 보이지 않는다.","① 사업주는 작업장으로 통하는 장소 또는 작업장 내에 근로자가 사용할 안전한 통로를 설치하고 항상 사용할 수 있는 상태로 유지하여야 한다. ② 사업주는 통로의 주요 부분에 통로표시를 하고, 근로자가 안전하게 통행할 수 있도록 하여야 한다. ③ 사업주는 통로면으로부터 높이 2미터 이내에는 장애물이 없도록 하여야 한다. 다만, 부득이하게 통로면으로부터 높이 2미터 이내에 장애물을 설치할 수밖에 없거나 통로면으로부터 높이 2미터 이내의 장애물을 제거하는 것이 곤란하다고 고용노동부장관이 인정하는 경우에는",n
지게차,제382조,가설통로의 설치,편2 안전기준 > 장4 건설작업 등에 의한 위험 예방 > 절3 철골작업 시의 위험방지,yes,SIG12,0.55,"철골 골조만 드러난 구조물에서 작업자들이 별도의 고정 통로 없이 보나 기둥을 따라 직접 이동하고 있다. 주요 이동 구간에 발판형 가설통로가 보이지 않고, 안전대를 걸 수 있는 부착설비도 확인되지 않는다.","사업주는 철골작업을 하는 경우에 근로자의 주요 이동통로에 고정된 가설통로를 설치하여야 한다. 다만, 제44조에 따른 안전대의 부착설비 등을 갖춘 경우에는 그러하지 아니하다.",n
지게차,제12조,동력으로 작동되는 문의 설치 조건,편1 총칙 > 장2 작업장,partial,SIG13,0.55,"공장 출입구의 전동문이 큰 개구부를 차지하고 있는데, 문 주변 어디에도 눈에 띄는 비상정지 버튼이 보이지 않는다. 근로자가 지나는 문이 전동식으로만 보이고 수동 개방장치나 별도 통행문도 확인되지 않는다.","사업주는 동력으로 작동되는 문을 설치하는 경우 다음 각 호의 기준에 맞는 구조로 설치하여야 한다. <개정 2014.9.30>   1. 동력으로 작동되는 문에 근로자가 끼일 위험이 있는 2.5미터 높이까지는 위급하거나 위험한 사태가 발생한 경우에 문의 작동을 정지시킬 수 있도록 비상정지장치 설치 등 필요한 조치를 할 것. 다만, 위험구역에 사람이 없어야만 문이 작동되도록 안전장치가 설치되어 있거나 운전자가 특별히 지정되어 상시 조작하는 경우에는 그러하지 아니하다.   2. 동력으로 작동되는 문의 비",n
지게차,제412조,접촉의 방지,편2 안전기준 > 장8 궤도 관련 작업 등에 의한 위험 방지 > 절2 궤도 보수ㆍ점검작업의 위험 방지,partial,SIG14,0.549,"선로 작업구간에서 궤도작업차량이 움직이거나 자재를 다루는 가까운 범위 안에 여러 사람이 뒤섞여 서 있다. 차량 주변 위험구역에 불필요해 보이는 인원이 들어와 있고, 별도로 차량을 유도하는 사람이 드러나지 않는다.","사업주는 궤도작업차량을 이용하는 작업을 하는 경우 유도하는 사람을 지정하여 궤도작업차량을 유도하여야 하며, 운전 중인 궤도작업차량 또는 자재에 근로자가 접촉될 위험이 있는 장소에는 관계 근로자가 아닌 사람을 출입시켜서는 아니 된다.",n
지게차,제408조,열차통행 중의 작업 제한,편2 안전기준 > 장8 궤도 관련 작업 등에 의한 위험 방지 > 절1 운행열차 등으로 인한 위험방지,partial,SIG15,0.544,"열차가 다니는 선로나 바로 옆 선로에서 작업자들이 보수·점검작업을 하고 있는데, 선로 옆은 벽체나 설비로 막혀 피할 공간이 거의 보이지 않는다. 작업 위치 주변이 협소해 열차가 접근하면 즉시 안전하게 대피하기 어려워 보인다.","사업주는 열차가 운행하는 궤도(인접궤도를 포함한다)상에서 궤도와 그 밖의 관련 설비의 보수ㆍ점검작업 등을 하는 중 위험이 발생할 때에 작업자들이 안전하게 대피할 수 있도록 열차통행의 시간간격을 충분히 하고, 작업자들이 안전하게 대피할 수 있는 공간이 확보된 것을 확인한 후에 작업에 종사하도록 하여야 한다.",n
지게차,제183조,좌석 안전띠의 착용 등,편2 안전기준 > 장1 기계ㆍ기구 및 그 밖의 설비에 의한 위험예방 > 절10 차량계 하역운반기계등 > 관2 지게차,yes,DEPL1,,작업장 안에서 좌석식 지게차를 운전하는 사람이 운전석에 앉아 있지만 몸에 안전띠를 매지 않은 모습이다. 안전띠는 좌석 옆에 풀린 채 있거나 버클이 체결되지 않은 상태로 보인다.,① 사업주는 앉아서 조작하는 방식의 지게차를 운전하는 근로자에게 좌석 안전띠를 착용하도록 하여야 한다. ② 제1항에 따른 지게차를 운전하는 근로자는 좌석 안전띠를 착용하여야 한다.,y
지게차,제182조,팔레트 등,편2 안전기준 > 장1 기계ㆍ기구 및 그 밖의 설비에 의한 위험예방 > 절10 차량계 하역운반기계등 > 관2 지게차,partial,DEPL3,,지게차가 화물을 싣고 있는데 받치고 있는 팔레트가 크게 깨지거나 휘어 있고 일부 부재가 파손되어 있다. 금속 스키드는 표면에 심한 부식이 퍼져 있거나 구조가 찌그러져 불량 상태로 보인다.,사업주는 지게차에 의한 하역운반작업에 사용하는 팔레트(pallet) 또는 스키드(skid)는 다음 각 호에 해당하는 것을 사용하여야 한다.   1. 적재하는 화물의 중량에 따른 충분한 강도를 가질 것   2. 심한 손상ㆍ변형 또는 부식이 없을 것,n
지게차,제99조,운전위치 이탈 시의 조치,편2 안전기준 > 장1 기계ㆍ기구 및 그 밖의 설비에 의한 위험예방 > 절1 기계 등의 일반기준,partial,DEPL4,,"작업자가 보이지 않는 지게차나 굴착기가 현장에 멈춰 서 있는데, 포크나 버킷, 디퍼가 공중에 들린 채 그대로 남아 있다. 운전석은 비어 있고 장비는 무인 상태로 방치된 모습이다.","① 사업주는 차량계 하역운반기계등, 차량계 건설기계의 운전자가 운전위치를 이탈하는 경우 해당 운전자에게 다음 각 호의 사항을 준수하도록 하여야 한다.   1. 포크, 버킷, 디퍼 등의 장치를 가장 낮은 위치 또는 지면에 내려 둘 것   2. 원동기를 정지시키고 브레이크를 확실히 거는 등 차량계 하역운반기계등, 차량계 건설기계의 갑작스러운 이동을 방지하기 위한 조치를 할 것   3. 운전석을 이탈하는 경우에는 시동키를 운전대에서 분리시킬 것. 다만, 운전석에 잠금장치를 하는 등 운전자가 아닌 사람이",n
지게차,제419조,받침목교환작업 등,편2 안전기준 > 장8 궤도 관련 작업 등에 의한 위험 방지 > 절4 터널ㆍ지하구간 및 교량 작업 시의 위험방지,partial,DEPL6,,"터널이나 교량 위 선로에서 작업자들이 받침목 교환 작업을 하고 있는데, 주변 통로와 대피 여유가 거의 없이 비좁다. 작업구간 가까이에 열차가 함께 보이거나 열차 운행과 분리되지 않은 모습이면 위반 의심 장면이다.","사업주는 터널ㆍ지하구간 또는 교량에서 받침목교환작업 등을 하는 동안 열차의 운행을 중지시키고, 작업공간을 충분히 확보하여 근로자가 안전하게 작업을 하도록 하여야 한다. <개정 2014.9.30>",n
지게차,제92조,정비 등의 작업 시의 운전정지 등,편2 안전기준 > 장1 기계ㆍ기구 및 그 밖의 설비에 의한 위험예방 > 절1 기계 등의 일반기준,partial,DEPL7,,"정비나 청소를 하는 작업자가 열린 덮개 틈이나 기계 내부에 손과 공구를 넣고 있는데, 조작반의 스위치와 기동버튼에는 잠금장치나 작동금지 표지가 없다. 배관이나 유압·공기 설비를 분해하는 현장인데 잔압을 뺀 흔적 없이 연결부를 바로 다루는 모습으로 보인다.","① 사업주는 동력으로 작동되는 기계의 정비ㆍ청소ㆍ급유ㆍ검사ㆍ수리ㆍ교체 또는 조정 작업 또는 그 밖에 이와 유사한 작업을 할 때에 근로자가 위험해질 우려가 있으면 해당 기계의 운전을 정지하여야 한다. 다만, 덮개가 설치되어 있는 등 기계의 구조상 근로자가 위험해질 우려가 없는 경우에는 그렇지 않다. ② 사업주는 제1항에 따라 기계의 운전을 정지한 경우에 다른 사람이 그 기계를 운전하는 것을 방지하기 위하여 기계의 기동장치에 잠금장치를 하고 그 열쇠를 별도 관리하거나 표지판을 설치하는 등 필요한 방호",n
지게차,제181조,백레스트,편2 안전기준 > 장1 기계ㆍ기구 및 그 밖의 설비에 의한 위험예방 > 절10 차량계 하역운반기계등 > 관2 지게차,yes,DEPL8,,"지게차 전면의 마스트 뒤쪽에 화물의 후방 낙하를 막는 백레스트가 없고, 포크에 실린 화물이 운전석 쪽으로 바로 열려 있다. 화물을 든 지게차인데도 지지용 격자나 프레임이 보이지 않는다.","사업주는 백레스트(backrest)를 갖추지 아니한 지게차를 사용해서는 아니 된다. 다만, 마스트의 후방에서 화물이 낙하함으로써 근로자가 위험해질 우려가 없는 경우에는 그러하지 아니하다.",n
지게차,제171조,전도 등의 방지,편2 안전기준 > 장1 기계ㆍ기구 및 그 밖의 설비에 의한 위험예방 > 절10 차량계 하역운반기계등 > 관1 총칙,partial,DEPL9,,"하역운반기계가 굴착 가장자리나 갓길 끝에 바짝 붙어 작업하고 있는데, 주변에 유도자가 보이지 않는다. 바퀴나 지지부 아래에는 지반 보강이나 붕괴 방지 조치가 없어 차량이 넘어지거나 굴러떨어질 듯한 모습이다.","사업주는 차량계 하역운반기계등을 사용하는 작업을 할 때에 그 기계가 넘어지거나 굴러떨어짐으로써 근로자에게 위험을 미칠 우려가 있는 경우에는 그 기계를 유도하는 사람(이하 ""유도자""라 한다)을 배치하고 지반의 부동침하 및 갓길 붕괴를 방지하기 위한 조치를 해야 한다. <개정 2023.11.14>",n
지게차,제180조,헤드가드,편2 안전기준 > 장1 기계ㆍ기구 및 그 밖의 설비에 의한 위험예방 > 절10 차량계 하역운반기계등 > 관2 지게차,partial,DEPL10,,"지게차 운전석 위가 비어 있거나, 머리 위 보호틀이 있어도 칸 간격이 지나치게 넓어 낙하물을 막기 어려워 보인다. 운전자는 상부 낙하물로부터 보호되지 않은 상태로 작업하는 모습이다.","사업주는 다음 각 호에 따른 적합한 헤드가드(head guard)를 갖추지 아니한 지게차를 사용해서는 안 된다. 다만, 화물의 낙하에 의하여 지게차의 운전자에게 위험을 미칠 우려가 없는 경우에는 그렇지 않다. <개정 2019.1.31, 2022.10.18>   1. 강도는 지게차의 최대하중의 2배 값(4톤을 넘는 값에 대해서는 4톤으로 한다)의 등분포정하중(等分布靜荷重)에 견딜 수 있을 것   2. 상부틀의 각 개구의 폭 또는 길이가 16센티미터 미만일 것   3. 운전자가 앉아서 조작하거나 서서",n
안전대길이,제382조,가설통로의 설치,편2 안전기준 > 장4 건설작업 등에 의한 위험 예방 > 절3 철골작업 시의 위험방지,yes,SIG1,0.622,"철골 골조만 드러난 구조물에서 작업자들이 별도의 고정 통로 없이 보나 기둥을 따라 직접 이동하고 있다. 주요 이동 구간에 발판형 가설통로가 보이지 않고, 안전대를 걸 수 있는 부착설비도 확인되지 않는다.","사업주는 철골작업을 하는 경우에 근로자의 주요 이동통로에 고정된 가설통로를 설치하여야 한다. 다만, 제44조에 따른 안전대의 부착설비 등을 갖춘 경우에는 그러하지 아니하다.",n
안전대길이,제43조,개구부 등의 방호 조치,편1 총칙 > 장6 추락 또는 붕괴에 의한 위험 방지 > 절1 추락에 의한 위험 방지,yes,SIG2/DEPL3,0.588,"바닥이나 작업발판 끝이 그대로 열려 있는데도 안전난간이나 울타리, 덮개가 보이지 않아 사람이 바로 떨어질 수 있어 보인다. 난간을 치운 자리에서 작업이 진행되지만 아래쪽 추락방호망이 없고 작업자도 안전대를 착용하지 않은 모습이다.","① 사업주는 작업발판 및 통로의 끝이나 개구부로서 근로자가 추락할 위험이 있는 장소에는 안전난간, 울타리, 수직형 추락방망 또는 덮개 등(이하 이 조에서 ""난간등""이라 한다)의 방호 조치를 충분한 강도를 가진 구조로 튼튼하게 설치하여야 하며, 덮개를 설치하는 경우에는 뒤집히거나 떨어지지 않도록 설치하여야 한다. 이 경우 어두운 장소에서도 알아볼 수 있도록 개구부임을 표시해야 하며, 수직형 추락방망은 한국산업표준에서 정하는 성능기준에 적합한 것을 사용해야 한다. ② 사업주는 난간등을 설치하는 것이 ",n
안전대길이,제23조,가설통로의 구조,편1 총칙 > 장3 통로,partial,SIG3/DEPL5,0.583,현장 사진에는 임시로 만든 경사 통로가 가파르게 설치되어 있는데 바닥에 미끄럼방지 처리가 없고 가장자리에도 안전난간이 없다. 높은 비계다리나 수직 통로가 길게 이어지지만 중간에 쉬어갈 계단참이 보이지 않아 불안정하게 보인다.,"사업주는 가설통로를 설치하는 경우 다음 각 호의 사항을 준수하여야 한다.   1. 견고한 구조로 할 것   2. 경사는 30도 이하로 할 것. 다만, 계단을 설치하거나 높이 2미터 미만의 가설통로로서 튼튼한 손잡이를 설치한 경우에는 그러하지 아니하다.   3. 경사가 15도를 초과하는 경우에는 미끄러지지 아니하는 구조로 할 것   4. 추락할 위험이 있는 장소에는 안전난간을 설치할 것. 다만, 작업상 부득이한 경우에는 필요한 부분만 임시로 해체할 수 있다.   5. 수직갱에 가설된 통로의 길이가 ",n
안전대길이,제145조,건설물 등의 벽체와 통로의 간격 등,편2 안전기준 > 장1 기계ㆍ기구 및 그 밖의 설비에 의한 위험예방 > 절9 양중기 > 관2 크레인,partial,SIG4,0.582,천장크레인 통로 끝이 건물 벽체나 인접 거더와 떨어져 있어 끝부분에 큰 틈이 그대로 드러나 있다. 작업자가 통로 끝에서 이동할 때 발이 빠지거나 추락할 수 있을 정도로 간격이 넓어 보인다.,"사업주는 다음 각 호의 간격을 0.3미터 이하로 하여야 한다. 다만, 근로자가 추락할 위험이 없는 경우에는 그 간격을 0.3미터 이하로 유지하지 아니할 수 있다.   1. 크레인의 운전실 또는 운전대를 통하는 통로의 끝과 건설물 등의 벽체의 간격   2. 크레인 거더(girder)의 통로 끝과 크레인 거더의 간격   3. 크레인 거더의 통로로 통하는 통로의 끝과 건설물 등의 벽체의 간격",n
안전대길이,제30조,계단의 난간,편1 총칙 > 장3 통로,yes,SIG5,0.568,"작업장 계단의 옆면이 아래로 트여 있는데, 개방된 측면을 따라 설치된 안전난간이 보이지 않는다. 계단 가장자리가 그대로 노출되어 있어 옆으로 떨어질 수 있는 상태로 보인다.",사업주는 높이 1미터 이상인 계단의 개방된 측면에 안전난간을 설치하여야 한다.,n
안전대길이,제139조,크레인의 수리 등의 작업,편2 안전기준 > 장1 기계ㆍ기구 및 그 밖의 설비에 의한 위험예방 > 절9 양중기 > 관2 크레인,partial,SIG6,0.566,"병렬로 놓인 주행 크레인 주행로에서 작업자가 수리나 점검을 하고 있는데, 작업구간에 스토퍼나 충돌 방지 조치가 보이지 않는다. 갠트리 크레인 레일 주변에서는 새들 돌출부와 구조물 사이 간격이 매우 좁은데도 바닥에 안전공간 표시가 없어 끼일 위험이 그대로 드러난다.","① 사업주는 같은 주행로에 병렬로 설치되어 있는 주행 크레인의 수리ㆍ조정 및 점검 등의 작업을 하는 경우, 주행로상이나 그 밖에 주행 크레인이 근로자와 접촉할 우려가 있는 장소에서 작업을 하는 경우 등에 주행 크레인끼리 충돌하거나 주행 크레인이 근로자와 접촉할 위험을 방지하기 위하여 감시인을 두고 주행로상에 스토퍼(stopper)를 설치하는 등 위험 방지 조치를 하여야 한다. ② 사업주는 갠트리 크레인 등과 같이 작업장 바닥에 고정된 레일을 따라 주행하는 크레인의 새들(saddle) 돌출부와 주변",n
안전대길이,제45조,지붕 위에서의 위험 방지,편1 총칙 > 장6 추락 또는 붕괴에 의한 위험 방지 > 절1 추락에 의한 위험 방지,yes,SIG7,0.566,"작업자가 지붕 가장자리 가까이에서 일하고 있는데 가장자리에 안전난간이 없고, 채광창이 덮개 없이 드러나 있다. 슬레이트 같은 약한 지붕면에는 발판이 보이지 않으며, 아래쪽 추락방호망이나 작업자의 안전대 착용도 확인되지 않는다.",① 사업주는 근로자가 지붕 위에서 작업을 할 때에 추락하거나 넘어질 위험이 있는 경우에는 다음 각 호의 조치를 해야 한다.   1. 지붕의 가장자리에 제13조에 따른 안전난간을 설치할 것   2. 채광창(skylight)에는 견고한 구조의 덮개를 설치할 것   3. 슬레이트 등 강도가 약한 재료로 덮은 지붕에는 폭 30센티미터 이상의 발판을 설치할 것 ② 사업주는 작업 환경 등을 고려할 때 제1항제1호에 따른 조치를 하기 곤란한 경우에는 제42조제2항 각 호의 기준을 갖춘 추락방호망을 설치해야 한,n
안전대길이,제186조,고소작업대 설치 등의 조치,편2 안전기준 > 장1 기계ㆍ기구 및 그 밖의 설비에 의한 위험예방 > 절10 차량계 하역운반기계등 > 관4 고소작업대,partial,SIG8,0.563,"사진에는 고소작업대가 작업 중인데 아웃트리거를 펼치지 않았고, 작업대 측면에 정격하중 표시나 가드가 보이지 않는다. 탑승 작업자는 안전모·안전대를 착용하지 않았거나 작업대 밖으로 몸을 내밀어 구조물로 넘어가 있고, 주변에는 출입통제 없이 다른 사람이 가까이 접근해 있다.","① 사업주는 고소작업대를 설치하는 경우에는 다음 각 호에 해당하는 것을 설치하여야 한다.   1. 작업대를 와이어로프 또는 체인으로 올리거나 내릴 경우에는 와이어로프 또는 체인이 끊어져 작업대가 떨어지지 아니하는 구조여야 하며, 와이어로프 또는 체인의 안전율은 5 이상일 것   2. 작업대를 유압에 의해 올리거나 내릴 경우에는 작업대를 일정한 위치에 유지할 수 있는 장치를 갖추고 압력의 이상저하를 방지할 수 있는 구조일 것   3. 권과방지장치를 갖추거나 압력의 이상상승을 방지할 수 있는 구조일 ",n
안전대길이,제418조,교량에서의 추락 방지,편2 안전기준 > 장8 궤도 관련 작업 등에 의한 위험 방지 > 절4 터널ㆍ지하구간 및 교량 작업 시의 위험방지,yes,SIG9/DEPL10,0.558,"교량 위 궤도나 설비를 점검·보수하는 작업자가 가장자리 가까이 서 있는데, 주변에 안전난간이나 안전망이 보이지 않는다. 작업자도 안전대를 착용하지 않은 채 개방된 구간에서 그대로 작업하고 있다.",사업주는 교량에서 궤도와 그 밖의 관련 설비의 보수ㆍ점검 등의 작업을 하는 경우에 추락 위험을 방지할 수 있도록 안전난간 또는 안전망을 설치하거나 안전대를 지급하여 착용하게 하여야 한다.,n
안전대길이,제13조,안전난간의 구조 및 설치요건,편1 총칙 > 장2 작업장,partial,SIG10,0.554,"작업발판이나 경사로 가장자리에 난간은 보이지만 상부 난간대만 있거나, 중간 난간대와 발끝막이판이 빠져 있다. 난간이 일부 구간에서 끊기거나 비뚤어져 있고, 기둥 간격이 넓어 보여 사람이 기대면 쉽게 빠질 것처럼 보인다.","사업주는 근로자의 추락 등의 위험을 방지하기 위하여 안전난간을 설치하는 경우 다음 각 호의 기준에 맞는 구조로 설치해야 한다. <개정 2015.12.31, 2023.11.14>   1. 상부 난간대, 중간 난간대, 발끝막이판 및 난간기둥으로 구성할 것. 다만, 중간 난간대, 발끝막이판 및 난간기둥은 이와 비슷한 구조와 성능을 가진 것으로 대체할 수 있다.   2. 상부 난간대는 바닥면ㆍ발판 또는 경사로의 표면(이하 ""바닥면등""이라 한다)으로부터 90센티미터 이상 지점에 설치하고, 상부 난간대를 1",n
안전대길이,제63조,달비계의 구조,"편1 총칙 > 장7 비계 > 절4 달비계, 달대비계 및 걸침비계",partial,SIG11,0.549,"건물 외벽에 매단 달비계의 작업발판이 좁고 흔들려 보이며, 난간이나 구명줄 없이 작업자가 매달려 있다. 상부 로프는 건물 모서리에 그대로 걸쳐 있고 일부는 꼬이거나 녹슬어 보이는데, 안전줄 체결이나 보호 덮개도 보이지 않는다.",① 사업주는 곤돌라형 달비계를 설치하는 경우에는 다음 각 호의 사항을 준수해야 한다.   1. 다음 각 목의 어느 하나에 해당하는 와이어로프를 달비계에 사용해서는 아니 된다.     가. 이음매가 있는 것     나. 와이어로프의 한 꼬임[(스트랜드(strand)를 말한다. 이하 같다)]에서 끊어진 소선(素線)[필러(pillar)선은 제외한다)]의 수가 10퍼센트 이상(비자전로프의 경우에는 끊어진 소선의 수가 와이어로프 호칭지름의 6배 길이 이내에서 4개 이상이거나 호칭지름 30배 길이 이내에서 ,n
안전대길이,제46조,승강설비의 설치,편1 총칙 > 장6 추락 또는 붕괴에 의한 위험 방지 > 절1 추락에 의한 위험 방지,partial,SIG12,0.549,사진에는 2미터를 넘는 높이 차가 있는 작업장인데도 작업자가 안전하게 오르내릴 수 있는 건설용 리프트 등 승강설비가 보이지 않는다. 상·하부 작업면 사이 이동수단이 마련되지 않아 작업자가 임의로 접근해야 하는 현장처럼 보인다.,"사업주는 높이 또는 깊이가 2미터를 초과하는 장소에서 작업하는 경우 해당 작업에 종사하는 근로자가 안전하게 승강하기 위한 건설용 리프트 등의 설비를 설치해야 한다. 다만, 승강설비를 설치하는 것이 작업의 성질상 곤란한 경우에는 그렇지 않다. <개정 2022.10.18>",n
안전대길이,제26조,계단의 강도,편1 총칙 > 장3 통로,partial,SIG13,0.548,"작업장 계단이나 승강구 바닥이 큰 구멍의 그레이팅으로 되어 있어 렌치 같은 공구가 아래로 빠질 수 있어 보인다. 구조 강도 자체는 사진만으로 확인되지 않지만, 바닥 개구가 커서 낙하 위험이 드러난다.","① 사업주는 계단 및 계단참을 설치하는 경우 매제곱미터당 500킬로그램 이상의 하중에 견딜 수 있는 강도를 가진 구조로 설치하여야 하며, 안전율[안전의 정도를 표시하는 것으로서 재료의 파괴응력도(破壞應力度)와 허용응력도(許容應力度)의 비율을 말한다)]은 4 이상으로 하여야 한다. ② 사업주는 계단 및 승강구 바닥을 구멍이 있는 재료로 만드는 경우 렌치나 그 밖의 공구 등이 낙하할 위험이 없는 구조로 하여야 한다.",n
안전대길이,제44조,안전대의 부착설비 등,편1 총칙 > 장6 추락 또는 붕괴에 의한 위험 방지 > 절1 추락에 의한 위험 방지,partial,SIG14,0.548,높은 작업 위치에서 작업자가 안전대를 착용하고 있지만 훅을 걸 수 있는 부착설비나 지지로프가 보이지 않는다. 또는 지지로프가 느슨하게 처져 있거나 풀린 상태로 설치되어 있어 추락 시 안전하게 지지되지 않을 것처럼 보인다.,① 사업주는 추락할 위험이 있는 높이 2미터 이상의 장소에서 근로자에게 안전대를 착용시킨 경우 안전대를 안전하게 걸어 사용할 수 있는 설비 등을 설치하여야 한다. 이러한 안전대 부착설비로 지지로프 등을 설치하는 경우에는 처지거나 풀리는 것을 방지하기 위하여 필요한 조치를 하여야 한다. ② 사업주는 제1항에 따른 안전대 및 부속설비의 이상 유무를 작업을 시작하기 전에 점검하여야 한다.,y
안전대길이,제42조,추락의 방지,편1 총칙 > 장6 추락 또는 붕괴에 의한 위험 방지 > 절1 추락에 의한 위험 방지,partial,SIG15/DEPL6,0.545,"높은 작업 위치에서 근로자가 작업발판 없이 가장자리나 설비 위에 서서 작업하고, 아래쪽에도 추락방호망이 보이지 않는다. 또는 이동식 사다리 위에서 최상부 발판에 올라선 채 안전대 없이 작업하거나, 사다리가 고정·지지되지 않은 상태로 불안정하게 세워져 있다.","① 사업주는 근로자가 추락하거나 넘어질 위험이 있는 장소[작업발판의 끝ㆍ개구부(開口部) 등을 제외한다]또는 기계ㆍ설비ㆍ선박블록 등에서 작업을 할 때에 근로자가 위험해질 우려가 있는 경우 비계(飛階)를 조립하는 등의 방법으로 작업발판을 설치하여야 한다. ② 사업주는 제1항에 따른 작업발판을 설치하기 곤란한 경우 다음 각 호의 기준에 맞는 추락방호망을 설치해야 한다. 다만, 추락방호망을 설치하기 곤란한 경우에는 근로자에게 안전대를 착용하도록 하는 등 추락위험을 방지하기 위해 필요한 조치를 해야 한다.",n
안전대길이,제380조,철골조립 시의 위험 방지,편2 안전기준 > 장4 건설작업 등에 의한 위험 예방 > 절3 철골작업 시의 위험방지,partial,DEPL1,,"크레인으로 올린 철골 부재가 제자리에 놓였지만 접합부에 볼트 체결이 보이지 않고, 걸이로프는 이미 분리되어 있다. 맞댄 철골이 충분히 고정되지 않은 상태로 접합부만 의존해 서 있는 모습이다.",사업주는 철골을 조립하는 경우에 철골의 접합부가 충분히 지지되도록 볼트를 체결하거나 이와 같은 수준 이상의 견고한 구조가 되기 전에는 들어 올린 철골을 걸이로프 등으로부터 분리해서는 아니 된다. <개정 2019.1.31>,n
안전대길이,제381조,승강로의 설치,편2 안전기준 > 장4 건설작업 등에 의한 위험 예방 > 절3 철골작업 시의 위험방지,yes,DEPL2,,"철골 기둥을 따라 사람이 오르내리는데 고정된 승강로가 보이지 않거나, 답단 사이가 듬성듬성 벌어져 있다. 수평보와 수직기둥이 만나는 접합부에서도 별도의 작업발판 없이 작업자가 철골 위에서 직접 연결작업을 하고 있다.","사업주는 근로자가 수직방향으로 이동하는 철골부재(鐵骨部材)에는 답단(踏段) 간격이 30센티미터 이내인 고정된 승강로를 설치하여야 하며, 수평방향 철골과 수직방향 철골이 연결되는 부분에는 연결작업을 위하여 작업발판 등을 설치하여야 한다.",n
안전대길이,제143조,폭풍 등으로 인한 이상 유무 점검,편2 안전기준 > 장1 기계ㆍ기구 및 그 밖의 설비에 의한 위험예방 > 절9 양중기 > 관2 크레인,partial,DEPL4,,"옥외 크레인에 강풍이나 지진의 영향으로 보이는 휨, 어긋남, 파손 흔적이 남아 있는데도 그대로 작업에 투입된 모습이다. 붐이나 지지부가 비정상적으로 기울고 와이어로프나 부재 상태가 불량해 보여도 사용이 계속되고 있다.",사업주는 순간풍속이 초당 30미터를 초과하는 바람이 불거나 중진(中震) 이상 진도의 지진이 있은 후에 옥외에 설치되어 있는 양중기를 사용하여 작업을 하는 경우에는 미리 기계 각 부위에 이상이 있는지를 점검하여야 한다.,n
안전대길이,제384조,해체작업 시 준수사항,편2 안전기준 > 장4 건설작업 등에 의한 위험 예방 > 절4 해체작업 시 위험방지,partial,DEPL7,,"건물 해체가 진행 중인데 철거 대상 바로 옆이나 파편이 튈 범위 안에 사람이 서 있거나 지나가고 있다. 현장 둘레에 출입금지 표지나 통제선이 없고, 기울어진 구조물 주변에도 별도의 구조보강 조치가 보이지 않는다.","① 사업주는 구축물등의 해체작업 시 구축물등을 무너뜨리는 작업을 하기 전에 구축물등이 넘어지는 위치, 파편의 비산거리 등을 고려하여 해당 작업 반경 내에 사람이 없는지 미리 확인한 후 작업을 실시해야 하고, 무너뜨리는 작업 중에는 해당 작업 반경 내에 관계 근로자가 아닌 사람의 출입을 금지해야 한다. ② 사업주는 건축물 해체공법 및 해체공사 구조 안전성을 검토한 결과 「건축물관리법」 제30조제3항에 따른 해체계획서대로 해체되지 못하고 건축물이 붕괴할 우려가 있는 경우에는 「건축물관리법 시행규칙」 ",n
안전대길이,제52조,구축물등의 안전성 평가,편1 총칙 > 장6 추락 또는 붕괴에 의한 위험 방지 > 절2 붕괴 등에 의한 위험 방지,partial,DEPL8,,"건물이나 옹벽에 큰 균열과 기울어짐이 보이고, 바로 옆 굴착으로 지반이 파헤쳐져 있어 붕괴가 우려되는 모습이다. 구조부가 불에 탄 흔적이나 심한 처짐이 있는데도 계속 사용 중인 현장처럼 보인다.","사업주는 구축물등이 다음 각 호의 어느 하나에 해당하는 경우에는 구축물등에 대한 구조검토, 안전진단 등의 안전성 평가를 하여 근로자에게 미칠 위험성을 미리 제거해야 한다. <개정 2023.11.14>   1. 구축물등의 인근에서 굴착ㆍ항타작업 등으로 침하ㆍ균열 등이 발생하여 붕괴의 위험이 예상될 경우   2. 구축물등에 지진, 동해(凍害), 부동침하(不同沈下) 등으로 균열ㆍ비틀림 등이 발생했을 경우   3. 구축물등이 그 자체의 무게ㆍ적설ㆍ풍압 또는 그 밖에 부가되는 하중 등으로 붕괴 등의 위험이",n
안전대길이,제51조,구축물등의 안전 유지,편1 총칙 > 장6 추락 또는 붕괴에 의한 위험 방지 > 절2 붕괴 등에 의한 위험 방지,no,DEPL9,,,"사업주는 구축물등이 고정하중, 적재하중, 시공ㆍ해체 작업 중 발생하는 하중, 적설, 풍압(風壓), 지진이나 진동 및 충격 등에 의하여 전도ㆍ폭발하거나 무너지는 등의 위험을 예방하기 위하여 설계도면, 시방서(示方書), 「건축물의 구조기준 등에 관한 규칙」 제2조제15호에 따른 구조설계도서, 해체계획서 등 설계도서를 준수하여 필요한 조치를 해야 한다. <개정 2019.1.31, 2023.11.14>   1. 삭제   2. 삭제   3. 삭제",n
포크레인주변작업자,제206조,수리 등의 작업 시 조치,편2 안전기준 > 장1 기계ㆍ기구 및 그 밖의 설비에 의한 위험예방 > 절12 건설기계 등 > 관1 차량계 건설기계 등,partial,SIG1,0.7,"굴착기나 다른 차량계 건설기계의 작업장치가 들어 올려진 채 정비 중인데, 하부나 주변에 안전지지대나 안전블록이 보이지 않는다. 부속장치를 떼거나 다는 작업이 진행되지만 장비를 기계적으로 지지한 흔적 없이 작업자가 바로 접근해 있다.",사업주는 차량계 건설기계의 수리나 부속장치의 장착 및 제거작업을 하는 경우 그 작업을 지휘하는 사람을 지정하여 다음 각 호의 사항을 준수하도록 하여야 한다. <개정 2019.10.15>   1. 작업순서를 결정하고 작업을 지휘할 것   2. 제205조의 안전지지대 또는 안전블록 등의 사용상황 등을 점검할 것,m
포크레인주변작업자,제200조,접촉 방지,편2 안전기준 > 장1 기계ㆍ기구 및 그 밖의 설비에 의한 위험예방 > 절12 건설기계 등 > 관1 차량계 건설기계 등,partial,SIG2,0.689,"굴착기나 덤프트럭이 작업하는 바로 곁이나 앞뒤에 근로자가 함께 서 있거나 지나가고 있다. 기계의 주행로나 선회 범위 안에 사람이 들어와 있는데, 이를 분리하거나 유도하는 사람이 보이지 않는다.","① 사업주는 차량계 건설기계를 사용하여 작업을 하는 경우에는 운전 중인 해당 차량계 건설기계에 접촉되어 근로자가 부딪칠 위험이 있는 장소에 근로자를 출입시켜서는 아니 된다. 다만, 유도자를 배치하고 해당 차량계 건설기계를 유도하는 경우에는 그러하지 아니하다. ② 차량계 건설기계의 운전자는 제1항 단서의 유도자가 유도하는 대로 따라야 한다.",y
포크레인주변작업자,제375조,굴착기계등의 유도,편2 안전기준 > 장4 건설작업 등에 의한 위험 예방 > 절2 굴착작업 등의 위험 방지 > 관5 채석작업,partial,SIG3,0.674,"채석작업장에서 굴착기계가 근로자가 있는 쪽으로 가까이 후진하거나 비탈 끝에 바짝 붙어 있는데, 주변에 이를 유도하는 사람이 보이지 않는다. 사람과 중장비가 같은 구역에서 뒤섞여 움직여 충돌이나 전도 위험이 그대로 드러난다.",① 사업주는 채석작업을 할 때에 굴착기계등이 근로자의 작업장소에 후진하여 접근하거나 굴러 떨어질 우려가 있는 경우에는 유도자를 배치하고 굴착기계등을 유도하여야 한다. ② 굴착기계등의 운전자는 유도자의 유도에 따라야 한다.,n
포크레인주변작업자,제344조,굴착기계등의 유도,편2 안전기준 > 장4 건설작업 등에 의한 위험 예방 > 절2 굴착작업 등의 위험 방지 > 관1 노천굴착작업,partial,SIG4,0.653,"굴착기나 로더가 작업 중인 근로자 쪽으로 바짝 붙어 후진하거나 굴착 가장자리 가까이 이동하고 있는데, 이를 유도하는 사람이 보이지 않는다. 사람과 장비가 같은 좁은 작업구역에 함께 있어 충돌이나 전도 위험이 커 보이는 장면이다.",① 사업주는 굴착작업을 할 때에 굴착기계등이 근로자의 작업장소로 후진하여 근로자에게 접근하거나 굴러 떨어질 우려가 있는 경우에는 유도자를 배치하여 굴착기계등을 유도하도록 해야 한다. ② 굴착기계등의 운전자는 유도자의 유도에 따라야 한다.,n
포크레인주변작업자,제342조,굴착기계등에 의한 위험방지,편2 안전기준 > 장4 건설작업 등에 의한 위험 예방 > 절2 굴착작업 등의 위험 방지 > 관1 노천굴착작업,partial,SIG5/DEPL5,0.652,"굴착기가 매설관로나 케이블이 지나가는 것으로 보이는 구역 바로 옆에서 계속 파고 있는데, 작업을 멈춘 흔적이나 통제 표시가 보이지 않는다. 장비가 오가는 길과 토석 적재장소로 드나드는 통로도 따로 구분되지 않아 작업자와 장비 동선이 뒤섞여 보인다.","사업주는 굴착작업 시 굴착기계등을 사용하는 경우 다음 각 호의 조치를 해야 한다.   1. 굴착기계등의 사용으로 가스도관, 지중전선로, 그 밖에 지하에 위치한 공작물이 파손되어 그 결과 근로자가 위험해질 우려가 있는 경우에는 그 기계를 사용한 굴착작업을 중지할 것   2. 굴착기계등의 운행경로 및 토석(土石) 적재장소의 출입방법을 정하여 관계 근로자에게 주지시킬 것",n
포크레인주변작업자,제205조,붐 등의 강하에 의한 위험 방지,편2 안전기준 > 장1 기계ㆍ기구 및 그 밖의 설비에 의한 위험예방 > 절12 건설기계 등 > 관1 차량계 건설기계 등,yes,SIG6/DEPL2,0.648,"굴착기 같은 차량계 건설기계의 붐이나 암이 올라가 있고, 그 아래에서 작업자가 수리나 점검을 하고 있다. 하지만 붐·암을 받쳐 주는 안전지지대나 안전블록은 보이지 않아 갑작스런 강하 위험이 그대로 드러난다.",사업주는 차량계 건설기계의 붐ㆍ암 등을 올리고 그 밑에서 수리ㆍ점검작업 등을 하는 경우 붐ㆍ암 등이 갑자기 내려옴으로써 발생하는 위험을 방지하기 위하여 해당 작업에 종사하는 근로자에게 안전지지대 또는 안전블록 등을 사용하도록 하여야 한다. <개정 2019.10.15>,y
포크레인주변작업자,제198조,낙하물 보호구조,편2 안전기준 > 장1 기계ㆍ기구 및 그 밖의 설비에 의한 위험예방 > 절12 건설기계 등 > 관1 차량계 건설기계 등,partial,SIG7/DEPL10,0.646,"굴착면이나 비탈면 아래의 위험한 위치에서 차량계 건설기계가 작업하고 있는데, 운전석 위를 덮거나 감싸는 낙하물 보호구조가 보이지 않는다. 장비 캐빈 상부가 비어 있어 위에서 떨어지는 토사나 물체를 막을 구조가 없는 상태로 보인다.","사업주는 토사등이 떨어질 우려가 있는 등 위험한 장소에서 차량계 건설기계[불도저, 트랙터, 굴착기, 로더(loader: 흙 따위를 퍼올리는 데 쓰는 기계), 스크레이퍼(scraper: 흙을 절삭ㆍ운반하거나 펴 고르는 등의 작업을 하는 토공기계), 덤프트럭, 모터그레이더(motor grader: 땅 고르는 기계), 롤러(roller: 지반 다짐용 건설기계), 천공기, 항타기 및 항발기로 한정한다]를 사용하는 경우에는 해당 차량계 건설기계에 견고한 낙하물 보호구조를 갖춰야 한다. <개정 2021.11",n
포크레인주변작업자,제99조,운전위치 이탈 시의 조치,편2 안전기준 > 장1 기계ㆍ기구 및 그 밖의 설비에 의한 위험예방 > 절1 기계 등의 일반기준,partial,SIG8,0.639,"작업자가 보이지 않는 지게차나 굴착기가 현장에 멈춰 서 있는데, 포크나 버킷, 디퍼가 공중에 들린 채 그대로 남아 있다. 운전석은 비어 있고 장비는 무인 상태로 방치된 모습이다.","① 사업주는 차량계 하역운반기계등, 차량계 건설기계의 운전자가 운전위치를 이탈하는 경우 해당 운전자에게 다음 각 호의 사항을 준수하도록 하여야 한다.   1. 포크, 버킷, 디퍼 등의 장치를 가장 낮은 위치 또는 지면에 내려 둘 것   2. 원동기를 정지시키고 브레이크를 확실히 거는 등 차량계 하역운반기계등, 차량계 건설기계의 갑작스러운 이동을 방지하기 위한 조치를 할 것   3. 운전석을 이탈하는 경우에는 시동키를 운전대에서 분리시킬 것. 다만, 운전석에 잠금장치를 하는 등 운전자가 아닌 사람이",n
포크레인주변작업자,제322조,충전전로 인근에서의 차량ㆍ기계장치 작업,편2 안전기준 > 장3 전기로 인한 위험 방지 > 절3 전기작업에 대한 위험 방지,partial,SIG9,0.637,"가공전선 바로 아래나 옆에서 크레인이나 굴착기 붐대, 덤프 적재함 같은 장비 상부가 전선에 바싹 접근해 작업하고 있다. 장비 주변에는 울타리나 통제선이 없고, 지상 작업자가 접지된 차체 가까이에 서 있거나 만지고 있어 감전 위험이 그대로 드러난다.","① 사업주는 충전전로 인근에서 차량, 기계장치 등(이하 이 조에서 ""차량등""이라 한다)의 작업이 있는 경우에는 차량등을 충전전로의 충전부로부터 300센티미터 이상 이격시켜 유지시키되, 대지전압이 50킬로볼트를 넘는 경우 이격시켜 유지하여야 하는 거리(이하 이 조에서 ""이격거리""라 한다)는 10킬로볼트 증가할 때마다 10센티미터씩 증가시켜야 한다. 다만, 차량등의 높이를 낮춘 상태에서 이동하는 경우에는 이격거리를 120센티미터 이상(대지전압이 50킬로볼트를 넘는 경우에는 10킬로볼트 증가할 때마다 ",n
포크레인주변작업자,제172조,접촉의 방지,편2 안전기준 > 장1 기계ㆍ기구 및 그 밖의 설비에 의한 위험예방 > 절10 차량계 하역운반기계등 > 관1 총칙,partial,SIG10,0.637,하역장비가 화물을 옮기고 있는 작업반경 안에 다른 근로자가 함께 들어와 서 있다. 장비의 진행 경로나 화물 바로 옆에 사람이 노출되어 있어 접촉 위험이 직접 보이는 장면이다.,"① 사업주는 차량계 하역운반기계등을 사용하여 작업을 하는 경우에 하역 또는 운반 중인 화물이나 그 차량계 하역운반기계등에 접촉되어 근로자가 위험해질 우려가 있는 장소에는 근로자를 출입시켜서는 아니 된다. 다만, 제39조에 따른 작업지휘자 또는 유도자를 배치하고 그 차량계 하역운반기계등을 유도하는 경우에는 그러하지 아니하다. ② 차량계 하역운반기계등의 운전자는 제1항 단서의 작업지휘자 또는 유도자가 유도하는 대로 따라야 한다.",n
포크레인주변작업자,제20조,출입의 금지 등,편1 총칙 > 장2 작업장,partial,SIG11,0.636,"크레인에 매달린 화물 아래, 지게차 포크나 굴착기 버킷 아래, 추락이나 붕괴 위험이 있는 작업구역 주변이 펜스나 바리케이드 없이 그대로 열려 있다. 위험구역과 통행구역이 분리되지 않아 누구나 바로 들어갈 수 있게 보인다.","사업주는 다음 각 호의 작업 또는 장소에 울타리를 설치하는 등 관계 근로자가 아닌 사람의 출입을 금지해야 한다. 다만, 제2호 및 제7호의 장소에서 수리 또는 점검 등을 위하여 그 암(arm) 등의 움직임에 의한 하중을 충분히 견딜 수 있는 안전지지대 또는 안전블록 등을 사용하도록 한 경우에는 그렇지 않다. <개정 2019.10.15, 2022.10.18, 2023.11.14, 2024.6.28>   1. 추락에 의하여 근로자에게 위험을 미칠 우려가 있는 장소   2. 유압(流壓), 체인 또는 로",y
포크레인주변작업자,제139조,크레인의 수리 등의 작업,편2 안전기준 > 장1 기계ㆍ기구 및 그 밖의 설비에 의한 위험예방 > 절9 양중기 > 관2 크레인,partial,SIG12,0.636,"병렬로 놓인 주행 크레인 주행로에서 작업자가 수리나 점검을 하고 있는데, 작업구간에 스토퍼나 충돌 방지 조치가 보이지 않는다. 갠트리 크레인 레일 주변에서는 새들 돌출부와 구조물 사이 간격이 매우 좁은데도 바닥에 안전공간 표시가 없어 끼일 위험이 그대로 드러난다.","① 사업주는 같은 주행로에 병렬로 설치되어 있는 주행 크레인의 수리ㆍ조정 및 점검 등의 작업을 하는 경우, 주행로상이나 그 밖에 주행 크레인이 근로자와 접촉할 우려가 있는 장소에서 작업을 하는 경우 등에 주행 크레인끼리 충돌하거나 주행 크레인이 근로자와 접촉할 위험을 방지하기 위하여 감시인을 두고 주행로상에 스토퍼(stopper)를 설치하는 등 위험 방지 조치를 하여야 한다. ② 사업주는 갠트리 크레인 등과 같이 작업장 바닥에 고정된 레일을 따라 주행하는 크레인의 새들(saddle) 돌출부와 주변",n
포크레인주변작업자,제171조,전도 등의 방지,편2 안전기준 > 장1 기계ㆍ기구 및 그 밖의 설비에 의한 위험예방 > 절10 차량계 하역운반기계등 > 관1 총칙,partial,SIG13,0.628,"하역운반기계가 굴착 가장자리나 갓길 끝에 바짝 붙어 작업하고 있는데, 주변에 유도자가 보이지 않는다. 바퀴나 지지부 아래에는 지반 보강이나 붕괴 방지 조치가 없어 차량이 넘어지거나 굴러떨어질 듯한 모습이다.","사업주는 차량계 하역운반기계등을 사용하는 작업을 할 때에 그 기계가 넘어지거나 굴러떨어짐으로써 근로자에게 위험을 미칠 우려가 있는 경우에는 그 기계를 유도하는 사람(이하 ""유도자""라 한다)을 배치하고 지반의 부동침하 및 갓길 붕괴를 방지하기 위한 조치를 해야 한다. <개정 2023.11.14>",n
포크레인주변작업자,제333조,조립ㆍ해체 등 작업 시의 준수사항,편2 안전기준 > 장4 건설작업 등에 의한 위험 예방 > 절1 거푸집 및 동바리 > 관2 조립 등,partial,SIG14,0.625,"거푸집이나 동바리를 조립·해체하는 구역이 아무 통제 없이 열려 있고, 비나 눈이 오는 가운데 작업이 계속된다. 철근은 한쪽만 묶인 채 기울어져 양중되고, 높은 위치의 작업자는 작업발판이나 안전대 없이 작업하고 있다.","① 사업주는 기둥ㆍ보ㆍ벽체ㆍ슬래브 등의 거푸집 및 동바리를 조립하거나 해체하는 작업을 하는 경우에는 다음 각 호의 사항을 준수해야 한다.   1. 해당 작업을 하는 구역에는 관계 근로자가 아닌 사람의 출입을 금지할 것   2. 비, 눈, 그 밖의 기상상태의 불안정으로 날씨가 몹시 나쁜 경우에는 그 작업을 중지할 것   3. 재료, 기구 또는 공구 등을 올리거나 내리는 경우에는 근로자로 하여금 달줄ㆍ달포대 등을 사용하도록 할 것   4. 낙하ㆍ충격에 의한 돌발적 재해를 방지하기 위하여 버팀목을 설치",n
포크레인주변작업자,제141조,조립 등의 작업 시 조치사항,편2 안전기준 > 장1 기계ㆍ기구 및 그 밖의 설비에 의한 위험예방 > 절9 양중기 > 관2 크레인,partial,SIG15,0.62,"크레인 조립·해체 구역 주변에 출입통제선이나 표지가 없고, 자재와 장애물이 널려 있어 작업공간이 비좁아 보인다. 들어 올린 부재가 한쪽으로 기울어 있고 크레인 기초나 받침부는 침하된 듯 불안정하게 보여 작업 상태가 불안하다.","사업주는 크레인의 설치ㆍ조립ㆍ수리ㆍ점검 또는 해체 작업을 하는 경우 다음 각 호의 조치를 하여야 한다.   1. 작업순서를 정하고 그 순서에 따라 작업을 할 것   2. 작업을 할 구역에 관계 근로자가 아닌 사람의 출입을 금지하고 그 취지를 보기 쉬운 곳에 표시할 것   3. 비, 눈, 그 밖에 기상상태의 불안정으로 날씨가 몹시 나쁜 경우에는 그 작업을 중지시킬 것   4. 작업장소는 안전한 작업이 이루어질 수 있도록 충분한 공간을 확보하고 장애물이 없도록 할 것   5. 들어올리거나 내리는 기자",n
포크레인주변작업자,제199조,전도 등의 방지,편2 안전기준 > 장1 기계ㆍ기구 및 그 밖의 설비에 의한 위험예방 > 절12 건설기계 등 > 관1 차량계 건설기계 등,partial,DEPL1,,"굴착기나 덤프트럭이 절토부 끝이나 무너질 것 같은 갓길 바로 옆에서 작업하는데, 주변에 유도자가 보이지 않는다. 작업도로는 좁고 지반은 약해 보이며, 가장자리 붕괴를 막기 위한 조치가 보이지 않는다.","사업주는 차량계 건설기계를 사용하는 작업할 때에 그 기계가 넘어지거나 굴러떨어짐으로써 근로자가 위험해질 우려가 있는 경우에는 유도하는 사람을 배치하고 지반의 부동침하 방지, 갓길의 붕괴 방지 및 도로 폭의 유지 등 필요한 조치를 하여야 한다.",n
포크레인주변작업자,제201조,차량계 건설기계의 이송,편2 안전기준 > 장1 기계ㆍ기구 및 그 밖의 설비에 의한 위험예방 > 절12 건설기계 등 > 관1 차량계 건설기계 등,partial,DEPL3,,"굴착기나 로더가 트럭 적재함에 오르내리는데, 좁고 가파른 임시 발판이 비뚤게 놓여 있고 지면도 고르지 않다. 발판이나 가설대가 불안정해 보여 장비가 옆으로 기울거나 아래로 굴러 떨어질 위험이 드러난다.","사업주는 차량계 건설기계를 이송하기 위해 자주 또는 견인에 의해 화물자동차 등에 싣거나 내리는 작업을 할 때에 발판ㆍ성토 등을 사용하는 경우에는 해당 차량계 건설기계의 전도 또는 굴러 떨어짐에 의한 위험을 방지하기 위해 다음 각 호의 사항을 준수해야 한다. <개정 2019.10.15, 2021.5.28>   1. 싣거나 내리는 작업은 평탄하고 견고한 장소에서 할 것   2. 발판을 사용하는 경우에는 충분한 길이ㆍ폭 및 강도를 가진 것을 사용하고 적당한 경사를 유지하기 위하여 견고하게 설치할 것  ",n
포크레인주변작업자,제203조,안전도 등의 준수,편2 안전기준 > 장1 기계ㆍ기구 및 그 밖의 설비에 의한 위험예방 > 절12 건설기계 등 > 관1 차량계 건설기계 등,partial,DEPL4,,"차량계 건설기계가 무거운 하중을 든 채 한쪽으로 크게 기울어져 있고, 붐이나 암이 무리하게 뻗어 작업장치가 버거워 보인다. 장비가 지반 불안정이나 과하중 상태로 보여 넘어지거나 붐·암이 파손될 위험이 큰 모습이다.",사업주는 차량계 건설기계를 사용하여 작업을 하는 경우 그 차량계 건설기계가 넘어지거나 붕괴될 위험 또는 붐ㆍ암 등 작업장치가 파괴될 위험을 방지하기 위하여 그 기계의 구조 및 사용상 안전도 및 최대사용하중을 준수하여야 한다.,n
포크레인주변작업자,제365조,부재의 해체,편2 안전기준 > 장4 건설작업 등에 의한 위험 예방 > 절2 굴착작업 등의 위험 방지 > 관3 터널작업,partial,DEPL6,,"터널 내부에서 지보공 부재를 떼어내고 있는데, 주변에 터널 거푸집이나 동바리로 받쳐 둔 모습이 보이지 않는다. 하중을 넘겨받을 지지구조 없이 부재만 해체하는 작업 장면으로 보인다.",사업주는 하중이 걸려 있는 터널 지보공의 부재를 해체하는 경우에는 해당 부재에 걸려있는 하중을 터널 거푸집 및 동바리가 받도록 조치를 한 후에 그 부재를 해체해야 한다. <개정 2023.11.14>,n
포크레인주변작업자,제301조,전기 기계ㆍ기구 등의 충전부 방호,편2 안전기준 > 장3 전기로 인한 위험 방지 > 절1 전기 기계ㆍ기구 등으로 인한 위험 방지,yes,DEPL7,,"분전반이나 제어반 문이 열린 채 고정되지 않아 내부 단자와 충전부가 그대로 보이고, 앞면에 절연덮개나 방호망도 없다. 맨홀이나 지하실 같은 좁은 공간에서는 노출된 전기 설비 옆에 울타리나 절연 칸막이 없이 작업 공간이 바로 붙어 있다.","① 사업주는 근로자가 작업이나 통행 등으로 인하여 전기기계, 기구 [전동기ㆍ변압기ㆍ접속기ㆍ개폐기ㆍ분전반(分電盤)ㆍ배전반(配電盤) 등 전기를 통하는 기계ㆍ기구, 그 밖의 설비 중 배선 및 이동전선 외의 것을 말한다. 이하 같다)] 또는 전로 등의 충전부분(전열기의 발열체 부분, 저항접속기의 전극 부분 등 전기기계ㆍ기구의 사용 목적에 따라 노출이 불가피한 충전부분은 제외한다. 이하 같다)에 접촉(충전부분과 연결된 도전체와의 접촉을 포함한다. 이하 이 장에서 같다)하거나 접근함으로써 감전 위험이 있는 ",n
포크레인주변작업자,제329조,부재의 재료 사용기준,편2 안전기준 > 장4 건설작업 등에 의한 위험 예방 > 절1 거푸집 및 동바리 > 관1 재료 및 구조,no,DEPL8,,,사업주는 거푸집 및 동바리에 사용하는 부재의 재료는 한국산업표준에서 정하는 기준 이상의 것을 사용해야 한다.,n
포크레인주변작업자,제87조,원동기ㆍ회전축 등의 위험 방지,편2 안전기준 > 장1 기계ㆍ기구 및 그 밖의 설비에 의한 위험예방 > 절1 기계 등의 일반기준,yes,DEPL9,,"기계의 회전축, 기어, 벨트, 풀리, 체인, 플라이휠 같은 위험부가 그대로 드러나 있고, 작업자가 바로 손이나 옷이 닿을 거리에서 작업하는 모습이다. 선반의 돌출 회전 가공물이나 분쇄기 개구부, 감김통, 공기압축기 구동부에 덮개나 울이 없고, 건널다리에는 안전난간이나 미끄럼방지 발판이 보이지 않는다.",① 사업주는 기계의 원동기ㆍ회전축ㆍ기어ㆍ풀리ㆍ플라이휠ㆍ벨트 및 체인 등 근로자가 위험에 처할 우려가 있는 부위에 덮개ㆍ울ㆍ슬리브 및 건널다리 등을 설치하여야 한다. ② 사업주는 회전축ㆍ기어ㆍ풀리 및 플라이휠 등에 부속되는 키ㆍ핀 등의 기계요소는 묻힘형으로 하거나 해당 부위에 덮개를 설치하여야 한다. ③ 사업주는 벨트의 이음 부분에 돌출된 고정구를 사용해서는 아니 된다. ④ 사업주는 제1항의 건널다리에는 안전난간 및 미끄러지지 아니하는 구조의 발판을 설치하여야 한다. ⑤ 사업주는 연삭기(硏削機) 또,n
최근대전화재바닥에기름,제238조,유류 등이 묻어 있는 걸레 등의 처리,편2 안전기준 > 장2 폭발ㆍ화재 및 위험물누출에 의한 위험방지 > 절1 위험물 등의 취급 등,yes,SIG1/DEPL2,0.626,"정비공간이나 인쇄작업장 한쪽에 기름이나 잉크가 묻은 걸레와 휴지가 그대로 쌓여 있고, 금속성 뚜껑 용기 대신 열린 통이나 가연성 용기에 담겨 있다. 오염된 폐기물이 노출된 채 방치되어 화재예방 조치가 보이지 않는다.",사업주는 기름 또는 인쇄용 잉크류 등이 묻은 천조각이나 휴지 등은 뚜껑이 있는 불연성 용기에 담아 두는 등 화재예방을 위한 조치를 하여야 한다.,n
최근대전화재바닥에기름,제433조,누출의 방지조치,편3 보건기준 > 장1 관리대상 유해물질에 의한 건강장해의 예방 > 절3 국소배기장치의 성능 등,partial,SIG2/DEPL7,0.602,"배관과 용기의 플랜지나 밸브 접합부 주변이 젖어 있거나, 아래 바닥에 흘러내린 자국과 고임이 보인다. 뚜껑 가장자리와 콕 주변에 번진 흔적이 있어 유해물질이 새는 상태로 보인다.",사업주는 관리대상 유해물질 취급설비의 뚜껑ㆍ플랜지(flange)ㆍ밸브 및 콕(cock) 등의 접합부에 대하여 관리대상 유해물질이 새지 않도록 개스킷(gasket)을 사용하는 등 누출을 방지하기 위하여 필요한 조치를 하여야 한다.,y
최근대전화재바닥에기름,제227조,호스 등을 사용한 인화성 액체 등의 주입,편2 안전기준 > 장2 폭발ㆍ화재 및 위험물누출에 의한 위험방지 > 절1 위험물 등의 취급 등,partial,SIG3,0.594,탱크로리나 드럼에 연결된 호스가 주입구에 느슨하게 물려 있거나 결합부가 벌어진 채 보인다. 연결부 아래와 주변 바닥에 액체가 맺히거나 흘러내린 흔적이 보여 주입 중 누출이 의심되는 상태다.,"사업주는 위험물을 액체 상태에서 호스 또는 배관 등을 사용하여 별표 7의 화학설비, 탱크로리, 드럼 등에 주입하는 작업을 하는 경우에는 그 호스 또는 배관 등의 결합부를 확실히 연결하고 누출이 없는지를 확인한 후에  작업을 하여야 한다.",n
최근대전화재바닥에기름,제257조,덮개 등의 접합부,편2 안전기준 > 장2 폭발ㆍ화재 및 위험물누출에 의한 위험방지 > 절4 화학설비ㆍ압력용기 등,partial,SIG4/DEPL6,0.592,"화학설비 배관의 플랜지나 밸브 접합부 주변에 액체 자국이나 하얗게 굳은 침착물이 보이고, 접합면이 벌어져 있거나 임시로 감아 놓은 보수 흔적이 보인다. 설비 덮개와 배관 연결부가 고르게 밀착되지 않아 누출이 의심되는 상태다.",사업주는 화학설비 또는 그 배관의 덮개ㆍ플랜지ㆍ밸브 및 콕의 접합부에 대해서는 접합부에서 위험물질등이 누출되어 폭발ㆍ화재 또는 위험물이 누출되는 것을 방지하기 위하여 적절한 개스킷(gasket)을 사용하고 접합면을 서로 밀착시키는 등 적절한 조치를 하여야 한다.,n
최근대전화재바닥에기름,제466조,누출 시 조치,편3 보건기준 > 장2 허가대상 유해물질 및 석면에 의한 건강장해의 예방 > 절3 작업관리 기준 등,partial,SIG5,0.579,"배관이나 용기 주변에서 새어 나온 물질이 바닥과 설비 주변에 그대로 퍼져 있고, 분말이나 잔재가 흩어진 채 방치되어 있다. 누출 부위를 정리하거나 비산을 막는 조치가 보이지 않아 작업구역 오염이 그대로 드러난다.",사업주는 허가대상 유해물질을 제조ㆍ사용하는 작업장에서 해당 물질이 샐 경우에 즉시 해당 물질이 흩날리지 않는 방법으로 제거하는 등 필요한 조치를 하여야 한다.,n
최근대전화재바닥에기름,제585조,오염된 장소에서의 조치,편3 보건기준 > 장7 방사선에 의한 건강장해의 예방 > 절3 시설 및 작업관리,partial,SIG6,0.574,"바닥이나 작업대 주변에 분말 또는 액체가 흩어지거나 새어 나온 흔적이 남아 있는데, 주변에 오염지역 표시나 구획·차단이 없다. 유출 흔적이 그대로 방치되어 있어 오염이 퍼질 수 있는 상태로 보인다.",사업주는 분말 또는 액체 상태의 방사성물질에 오염된 장소에 대하여 즉시 그 오염이 퍼지지 않도록 조치한 후 오염된 지역임을 표시하고 그 오염을 제거하여야 한다.,n
최근대전화재바닥에기름,제507조,누출 시 조치,편3 보건기준 > 장3 금지유해물질에 의한 건강장해의 예방 > 절3 관리 등,partial,SIG7,0.571,"실험실 바닥이나 작업대에 화학물질이 새어 퍼져 있는데, 누출 지점 주변에 흡착제나 제거 조치 흔적이 보이지 않는다. 유출물이 그대로 남아 있어 확산을 막으려는 조치가 이루어지지 않은 모습이다.",사업주는 금지유해물질이 실험실등에서 새는 경우에 흩날리지 않도록 흡착제를 이용하여 제거하는 등 필요한 조치를 하여야 한다.,n
최근대전화재바닥에기름,제239조,위험물 등이 있는 장소에서 화기 등의 사용 금지,편2 안전기준 > 장2 폭발ㆍ화재 및 위험물누출에 의한 위험방지 > 절2 화기 등의 관리,partial,SIG8,0.57,"드럼통과 저장탱크, 배관이 모여 있는 위험물 취급 장소로 보이는 곳에서 작업자가 용접이나 절단 작업을 하며 불꽃을 튀기고 있다. 위험물 설비 바로 옆이나 그 상부에서 그라인더 스파크나 토치 화염이 보이는 장면이다.",사업주는 위험물이 있어 폭발이나 화재가 발생할 우려가 있는 장소 또는 그 상부에서 불꽃이나 아크를 발생하거나 고온으로 될 우려가 있는 화기ㆍ기계ㆍ기구 및 공구 등을 사용해서는 아니 된다.,n
최근대전화재바닥에기름,제256조,부식 방지,편2 안전기준 > 장2 폭발ㆍ화재 및 위험물누출에 의한 위험방지 > 절4 화학설비ㆍ압력용기 등,partial,SIG9,0.568,"화학설비와 배관 표면에 녹과 부식이 넓게 퍼져 있고, 도장이 벗겨진 금속면이 그대로 드러나 있다. 플랜지와 이음부 주변에도 부식 흔적과 얼룩이 보여 부식 방지 조치가 충분하지 않은 상태로 보인다.","사업주는 화학설비 또는 그 배관(화학설비 또는 그 배관의 밸브나 콕은 제외한다) 중 위험물 또는 인화점이 섭씨 60도 이상인 물질(이하 ""위험물질등""이라 한다)이 접촉하는 부분에 대해서는 위험물질등에 의하여 그 부분이 부식되어 폭발ㆍ화재 또는 누출되는 것을 방지하기 위하여 위험물질등의 종류ㆍ온도ㆍ농도 등에 따라 부식이 잘 되지 않는 재료를 사용하거나 도장(塗裝) 등의 조치를 하여야 한다.",n
최근대전화재바닥에기름,제250조,용융고열물의 취급작업,편2 안전기준 > 장2 폭발ㆍ화재 및 위험물누출에 의한 위험방지 > 절3 용융고열물 등에 의한 위험예방,partial,SIG10,0.566,용융고열물을 다루는 설비 주변 피트나 바닥에 물이 고여 있거나 표면이 젖어 있다. 작업구역이 마르지 않은 상태에서 그대로 작업하는 모습으로 보인다.,"사업주는 용융고열물을 취급하는 작업(고열의 금속찌꺼기를 물로 처리하는 작업과 폐기하는 작업은 제외한다)을 하는 경우에는 수증기 폭발을 방지하기 위하여 제248조에 따른 피트, 제249조에 따른 건축물의 바닥, 그 밖에 해당 용융고열물을 취급하는 설비에 물이 고이거나 습윤 상태에 있지 않음을 확인한 후 작업하여야 한다.",n
최근대전화재바닥에기름,제232조,폭발 또는 화재 등의 예방,편2 안전기준 > 장2 폭발ㆍ화재 및 위험물누출에 의한 위험방지 > 절1 위험물 등의 취급 등,partial,SIG11,0.553,"인화성 위험물 용기와 배관, 공정설비가 있는 작업구역인데 벽면이나 천장에 환풍기, 배풍기, 배기 덕트 같은 환기장치가 보이지 않는다. 가스가 새거나 쌓일 수 있는 설비 주변에도 가스 검지기나 경보등, 경보장치가 설치되지 않은 모습이다.","① 사업주는 인화성 액체의 증기, 인화성 가스 또는 인화성 고체가 존재하여 폭발이나 화재가 발생할 우려가 있는 장소에서 해당 증기ㆍ가스 또는 분진에 의한 폭발 또는 화재를 예방하기 위해 환풍기, 배풍기(排風機) 등 환기장치를 적절하게 설치해야 한다. ② 사업주는 제1항에 따른 증기나 가스에 의한 폭발이나 화재를 미리 감지하기 위하여 가스 검지 및 경보 성능을 갖춘 가스 검지 및 경보 장치를 설치해야 한다. 다만, 한국산업표준에 따른 0종 또는 1종 폭발위험장소에 해당하는 경우로서 제311조에 따라",y
최근대전화재바닥에기름,제5조,오염된 바닥의 세척 등,편1 총칙 > 장2 작업장,partial,SIG12,0.548,"작업장 바닥과 벽에 오염물과 얼룩이 그대로 남아 있고, 바닥에는 물이나 액체가 고여 배수가 잘 되지 않는 모습이다. 습기가 많은 구역인데도 표면이 물을 흡수할 것처럼 보이고 청소·소독이 충분히 이루어지지 않은 상태로 보인다.","① 사업주는 인체에 해로운 물질, 부패하기 쉬운 물질 또는 악취가 나는 물질 등에 의하여 오염될 우려가 있는 작업장의 바닥이나 벽을 수시로 세척하고 소독하여야 한다. ② 사업주는 제1항에 따른 세척 및 소독을 하는 경우에 물이나 그 밖의 액체를 다량으로 사용함으로써 습기가 찰 우려가 있는 작업장의 바닥이나 벽은 불침투성(不浸透性) 재료로 칠하고 배수(排水)에 편리한 구조로 하여야 한다.",y
최근대전화재바닥에기름,제501조,바닥,편3 보건기준 > 장3 금지유해물질에 의한 건강장해의 예방 > 절2 시설ㆍ설비기준 및 성능 등,partial,SIG13,0.547,"유해물질 설비가 있는 작업실인데 바닥이 스며들기 쉬운 재질로 보이고, 벽면도 거칠고 틈이 많아 세척이 어려워 보인다. 바닥과 벽에 오염이 배어든 흔적이 남아 있어 제거가 쉬운 구조로 보이지 않는다.","사업주는 금지유해물질의 제조ㆍ사용 설비가 설치된 장소의 바닥과 벽은 불침투성 재료로 하되, 물청소를 할 수 있는 구조로 하는 등 해당 물질을 제거하기 쉬운 구조로 하여야 한다.",n
최근대전화재바닥에기름,제252조,고열 금속찌꺼기 처리작업,편2 안전기준 > 장2 폭발ㆍ화재 및 위험물누출에 의한 위험방지 > 절3 용융고열물 등에 의한 위험예방,partial,SIG14,0.546,금속찌꺼기를 처리하거나 버리는 작업 구역 바닥에 물웅덩이나 젖은 부분이 남아 있다. 고열의 찌꺼기가 물과 바로 접촉할 수 있는 상태로 보여 수증기 폭발 위험이 있는 장면이다.,"사업주는 고열의 금속찌꺼기를 물로 처리하거나 폐기하는 작업을 하는 경우에는 수증기 폭발을 방지하기 위하여 제251조 본문의 장소에 물이 고이지 않음을 확인한 후에 작업을 하여야 한다. 다만, 수쇄처리를 하는 경우에는 그러하지 아니하다.",n
최근대전화재바닥에기름,제3조,전도의 방지,편1 총칙 > 장2 작업장,yes,SIG15/DEPL10,0.541,"작업장 바닥에 물기나 오염물, 자재와 공구가 흩어져 있어 걸려 넘어지거나 미끄러질 위험이 그대로 보인다. 한쪽에는 제품이나 자재가 받침이나 고정 없이 비스듬히 세워지거나 불안정하게 쌓여 있어 쓰러질 것처럼 보인다.","① 사업주는 근로자가 작업장에서 넘어지거나 미끄러지는 등의 위험이 없도록 작업장 바닥 등을 안전하고 청결한 상태로 유지하여야 한다. ② 사업주는 제품, 자재, 부재(部材) 등이 넘어지지 않도록 붙들어 지탱하게 하는 등 안전 조치를 하여야 한다. 다만, 근로자가 접근하지 못하도록 조치한 경우에는 그러하지 아니하다.",y
최근대전화재바닥에기름,제431조,작업장의 바닥,편3 보건기준 > 장1 관리대상 유해물질에 의한 건강장해의 예방 > 절3 국소배기장치의 성능 등,partial,DEPL1,,"실내 약품 취급 작업장 바닥이 거친 맨콘크리트나 균열 많은 재질로 보이고, 오염물 얼룩이 스며든 흔적이 남아 있다. 바닥 표면과 이음부가 거칠고 틈이 많아 쉽게 세척하기 어려워 보인다.",사업주는 관리대상 유해물질을 취급하는 실내작업장의 바닥에 불침투성의 재료를 사용하고 청소하기 쉬운 구조로 하여야 한다.,n
최근대전화재바닥에기름,제244조,방화조치,편2 안전기준 > 장2 폭발ㆍ화재 및 위험물누출에 의한 위험방지 > 절2 화기 등의 관리,partial,DEPL3,,"가열장치나 소각로 옆에 액체 용기나 드럼통이 바짝 붙어 있고, 그 사이를 막아 주는 불연성 차열판이나 방호벽이 보이지 않는다. 열이 발생하는 설비와 액체 보관물이 같은 구역에 무방비로 가까이 놓여 있다.","사업주는 화로, 가열로, 가열장치, 소각로, 철제굴뚝, 그 밖에 화재를 일으킬 위험이 있는 설비 및 건축물과 그 밖에 인화성 액체와의 사이에는 방화에 필요한 안전거리를 유지하거나 불연성 물체를 차열(遮熱)재료로 하여 방호하여야 한다.",n
최근대전화재바닥에기름,제356조,용접 등 작업 시의 조치,편2 안전기준 > 장4 건설작업 등에 의한 위험 예방 > 절2 굴착작업 등의 위험 방지 > 관3 터널작업,partial,DEPL4,,"터널 내부에서 용접이나 용단 작업을 하는데 바로 옆에 넝마, 종이부스러기, 나무부스러기 같은 가연물이 남아 있고 인화성 액체도 노출되어 있다. 작업 지점에는 불연성 덮개나 불티 비산을 막는 격벽이 없어 불꽃이 주변으로 튀는 모습이 보인다.","사업주는 터널건설작업을 할 때에 그 터널 등의 내부에서 금속의 용접ㆍ용단 또는 가열작업을 하는 경우에는 화재를 예방하기 위하여 다음 각 호의 조치를 하여야 한다.   1. 부근에 있는 넝마, 나무부스러기, 종이부스러기, 그 밖의 인화성 액체를 제거하거나, 그 인화성 액체에 불연성 물질의 덮개를 하거나, 그 작업에 수반하는 불티 등이 날아 흩어지는 것을 방지하기 위한 격벽을 설치할 것   2. 해당 작업에 종사하는 근로자에게 소화설비의 설치장소 및 사용방법을 주지시킬 것   3. 해당 작업 종료 후",n
최근대전화재바닥에기름,제240조,유류 등이 있는 배관이나 용기의 용접 등,편2 안전기준 > 장2 폭발ㆍ화재 및 위험물누출에 의한 위험방지 > 절2 화기 등의 관리,partial,DEPL5,,"유류나 위험물이 있었을 것으로 보이는 배관이나 드럼, 탱크에 작업자가 바로 용접이나 절단을 하고 있다. 용기에는 잔존물 제거가 끝났다고 볼 만한 시각적 단서 없이 불꽃과 스패터가 직접 튀고 있다.","사업주는 위험물, 위험물 외의 인화성 유류 또는 인화성 고체가 있을 우려가 있는 배관ㆍ탱크 또는 드럼 등의 용기에 대하여 미리 위험물 외의 인화성 유류, 인화성 고체 또는 위험물을 제거하는 등 폭발이나 화재의 예방을 위한 조치를 한 후가 아니면 화재위험작업을 시켜서는 아니 된다. <개정 2017.3.3, 2019.12.26>",n
최근대전화재바닥에기름,제268조,통기설비,편2 안전기준 > 장2 폭발ㆍ화재 및 위험물누출에 의한 위험방지 > 절4 화학설비ㆍ압력용기 등,partial,DEPL8,,"인화성 액체 저장탱크로 보이는 대기압탱크 상부에 통기관이나 브리더밸브가 보이지 않거나, 있어야 할 벤트 연결부가 막혀 있다. 탱크 상단 배관이 임의로 폐쇄되거나 통기설비가 빠진 채 남아 있는 모습이 보인다.","① 사업주는 인화성 액체를 저장ㆍ취급하는 대기압탱크에는 통기관 또는 통기밸브(breather valve) 등(이하 ""통기설비""라 한다)을 설치하여야 한다. ② 제1항에 따른 통기설비는 정상운전 시에 대기압탱크 내부가 진공 또는 가압되지 않도록 충분한 용량의 것을 사용하여야 하며, 철저하게 유지ㆍ보수를 하여야 한다.",n
최근대전화재바닥에기름,제253조,금속의 용해로에 금속부스러기를 넣는 작업,편2 안전기준 > 장2 폭발ㆍ화재 및 위험물누출에 의한 위험방지 > 절3 용융고열물 등에 의한 위험예방,partial,DEPL9,,"용해로 앞에서 고철을 투입하는데, 스크랩 더미 사이에 드럼통이나 밀폐된 캔 같은 용기가 섞여 있다. 금속부스러기 표면이 젖어 있거나 액체가 남아 있는 상태로 보이는데도 그대로 투입하는 장면이다.",사업주는 금속의 용해로에 금속부스러기를 넣는 작업을 하는 경우에는 수증기 등의 폭발을 방지하기 위하여 금속부스러기에 물ㆍ위험물 및 밀폐된 용기 등이 들어있지 않음을 확인한 후에 작업을 하여야 한다.,n
영세제조업,제121조,사출성형기 등의 방호장치,편2 안전기준 > 장1 기계ㆍ기구 및 그 밖의 설비에 의한 위험예방 > 절8 사출성형기 등,yes,SIG1,0.687,"사출성형기나 형단조기의 금형 접근부가 그대로 열려 있어 작업자가 손을 쉽게 넣을 수 있고, 앞쪽에 게이트가드나 양수조작식 방호장치가 보이지 않는다. 기계 측면이나 상부의 히터, 전기 부위도 덮개 없이 드러나 있어 뜨거운 표면과 충전부가 그대로 노출된 모습이다.","① 사업주는 사출성형기(射出成形機)ㆍ주형조형기(鑄型造形機) 및 형단조기(프레스등은 제외한다) 등에 근로자의 신체 일부가 말려들어갈 우려가 있는 경우 게이트가드(gate guard) 또는 양수조작식 등에 의한 방호장치, 그 밖에 필요한 방호 조치를 하여야 한다. ② 제1항의 게이트가드는 닫지 아니하면 기계가 작동되지 아니하는 연동구조(連動構造)여야 한다. ③ 사업주는 제1항에 따른 기계의 히터 등의 가열 부위 또는 감전 우려가 있는 부위에는 방호덮개를 설치하는 등 필요한 안전 조치를 하여야 한다.",y
영세제조업,제91조,고장난 기계의 정비 등,편2 안전기준 > 장1 기계ㆍ기구 및 그 밖의 설비에 의한 위험예방 > 절1 기계 등의 일반기준,partial,SIG2,0.648,"공장 설비의 방호덮개가 깨지거나 빠진 채로 남아 있고, 작업자가 바로 옆에서 그 기계를 계속 조작하고 있다. 결함이 있는 것으로 보이는 설비에 정비 전 사용중지 조치 없이 작업이 이어지는 모습이다.",① 사업주는 기계 또는 방호장치의 결함이 발견된 경우 반드시 정비한 후에 근로자가 사용하도록 하여야 한다. ② 제1항의 정비가 완료될 때까지는 해당 기계 및 방호장치 등의 사용을 금지하여야 한다.,m
영세제조업,제36조,사용의 제한,"편1 총칙 > 장5 관리감독자의 직무, 사용의 제한 등",partial,SIG3,0.62,"작업장 사진에는 회전하거나 움직이는 위험 부위가 그대로 드러난 기계가 가동 중이고, 덮개나 울 같은 방호장치가 없거나 열린 채로 보인다. 작업자는 보호구 없이 또는 파손된 보호구를 착용한 채 그 설비를 사용하고 있다.","사업주는 법 제80조ㆍ제81조에 따른 방호조치 등의 조치를 하지 않거나 법 제83조제1항에 따른 안전인증기준, 법 제89조제1항에 따른 자율안전기준 또는 법 제93조제1항에 따른 안전검사기준에 적합하지 않은 기계ㆍ기구ㆍ설비 및 방호장치ㆍ보호구 등을 사용해서는 아니 된다. <개정 2019.12.26, 2021.5.28>",m
영세제조업,제129조,정련기에 의한 위험 방지,편2 안전기준 > 장1 기계ㆍ기구 및 그 밖의 설비에 의한 위험예방 > 절8 사출성형기 등,partial,SIG4,0.611,"정련기 배출구 뚜껑이 열린 채 내부 드럼 쪽이 노출되어 있고, 작업자가 바로 앞에서 내부를 확인하거나 접근하고 있다. 사진만으로 회전 정지와 압력·온도 안전 확인이 끝났는지는 보이지 않아, 개방 상태 자체가 위험 징후로 보인다.",① 정련기(精練機)를 이용한 작업에 관하여는 제111조를 준용한다. 이 경우 제111조 중 원심기는 정련기로 본다. ② 사업주는 정련기의 배출구 뚜껑 등을 여는 경우에 내통(內筒)의 회전이 정지되었는지와 내부의 압력과 온도가 근로자를 위험하게 할 우려가 없는지를 미리 확인하여야 한다.,m
영세제조업,제192조,비상정지장치,편2 안전기준 > 장1 기계ㆍ기구 및 그 밖의 설비에 의한 위험예방 > 절11 컨베이어,yes,SIG5,0.607,"작업자가 바로 옆에서 사용하는 컨베이어가 길게 돌아가고 있는데, 측면이나 투입부 주변 어디에도 비상정지버튼이나 로프형 비상정지장치가 보이지 않는다. 신체가 말려들 수 있는 롤러와 벨트가 노출된 상태인데도 즉시 설비를 멈출 수단이 없는 모습이다.","사업주는 컨베이어등에 해당 근로자의 신체의 일부가 말려드는 등 근로자가 위험해질 우려가 있는 경우 및 비상시에는 즉시 컨베이어등의 운전을 정지시킬 수 있는 장치를 설치하여야 한다. 다만, 무동력상태로만 사용하여 근로자가 위험해질 우려가 없는 경우에는 그러하지 아니하다.",n
영세제조업,제103조,프레스 등의 위험 방지,편2 안전기준 > 장1 기계ㆍ기구 및 그 밖의 설비에 의한 위험예방 > 절3 프레스 및 전단기,yes,SIG6,0.605,"프레스 전면 작업부가 그대로 열려 있어 슬라이드나 금형 접점이 노출되고, 작업자가 손으로 소재를 넣을 수 있게 보인다. 전단기 칼날 주변에도 덮개나 방호장치가 없고, 바닥에는 발 스위치가 남아 있어 방호장치 없이 기계를 작동할 수 있는 모습이다.","① 사업주는 프레스 또는 전단기(剪斷機)(이하 ""프레스등""이라 한다)를 사용하여 작업하는 근로자의 신체 일부가 위험한계에 들어가지 않도록 해당 부위에 덮개를 설치하는 등 필요한 방호 조치를 하여야 한다. 다만, 슬라이드 또는 칼날에 의한 위험을 방지하는 구조로 되어 있는 프레스등에 대해서는 그러하지 아니하다. ② 사업주는 작업의 성질상 제1항에 따른 조치가 곤란한 경우에 프레스등의 종류, 압력능력, 분당 행정의 수, 행정의 길이 및 작업방법에 상응하는 성능(양수조작식 안전장치 및 감응형 안전장치의",y
영세제조업,제128조,포장기계의 덮개 등,편2 안전기준 > 장1 기계ㆍ기구 및 그 밖의 설비에 의한 위험예방 > 절8 사출성형기 등,yes,SIG7/DEPL5,0.594,"포장기나 충진기의 움직이는 부분이 그대로 드러나 있고, 이를 가리는 덮개나 차폐물이 보이지 않는다. 작업자가 바로 손을 뻗을 수 있는 위치에 위험한 작동부가 노출된 상태다.",사업주는 종이상자ㆍ자루 등의 포장기 또는 충진기 등의 작동 부분이 근로자를 위험하게 할 우려가 있는 경우 덮개 설치 등 필요한 조치를 해야 한다. <개정 2021.5.28>,n
영세제조업,제659조,작업환경 개선,편3 보건기준 > 장12 근골격계부담작업으로 인한 건강장해의 예방 > 절2 유해요인 조사 및 개선 등,partial,SIG8,0.591,"사진에는 작업자가 자재를 직접 들어 옮기거나 허리를 심하게 굽힌 채 반복 작업하는 모습이 보인다. 작업 높이를 맞추는 설비나 운반·들기 보조설비, 편의설비가 없어 작업부담을 줄이기 위한 개선이 이루어지지 않은 상태로 보인다.",사업주는 유해요인 조사 결과 근골격계질환이 발생할 우려가 있는 경우에 인간공학적으로 설계된 인력작업 보조설비 및 편의설비를 설치하는 등 작업환경 개선에 필요한 조치를 하여야 한다.,n
영세제조업,제88조,기계의 동력차단장치,편2 안전기준 > 장1 기계ㆍ기구 및 그 밖의 설비에 의한 위험예방 > 절1 기계 등의 일반기준,partial,SIG9,0.59,"절단기나 프레스 같은 가공기계 앞에 작업자가 서 있지만, 기계 본체나 작업 위치 주변에 전원을 끊거나 동력을 차단할 수 있는 스위치·클러치가 보이지 않는다. 조작장치는 기계에서 떨어져 있거나 제어 부위가 손상된 모습으로 보여, 작업 위치에서 즉시 차단하기 어려워 보인다.","① 사업주는 동력으로 작동되는 기계에 스위치ㆍ클러치(clutch) 및 벨트이동장치 등 동력차단장치를 설치하여야 한다. 다만, 연속하여 하나의 집단을 이루는 기계로서 공통의 동력차단장치가 있거나 공정 도중에 인력(人力)에 의한 원재료의 공급과 인출(引出) 등이 필요 없는 경우에는 그러하지 아니하다. ② 사업주는 제1항에 따라 동력차단장치를 설치할 때에는 제1항에 따른 기계 중 절단ㆍ인발(引拔)ㆍ압축ㆍ꼬임ㆍ타발(打拔) 또는 굽힘 등의 가공을 하는 기계에 설치하되, 근로자가 작업위치를 이동하지 아니하고",y
영세제조업,제130조,식품가공용 기계에 의한 위험 방지,편2 안전기준 > 장1 기계ㆍ기구 및 그 밖의 설비에 의한 위험예방 > 절8 사출성형기 등,yes,SIG10/DEPL3,0.59,"식품 분쇄기의 투입구와 작동부가 그대로 드러나 있고, 작업자가 손으로 원료를 직접 밀어 넣고 있다. 옆의 용기 승강·투입 기계 주변에는 울타리나 가드가 없고, 눈에 띄는 비상정지장치도 보이지 않아 작업자가 위험구역 바로 옆에서 작업하는 모습이다.","① 사업주는 식품 등을 손으로 직접 넣어 분쇄하는 기계의 작동 부분이 근로자를 위험하게 할 우려가 있는 경우 식품 등을 분쇄기에 넣거나 꺼내는 데에 필요한 부위를 제외하고는 덮개를 설치하고, 분쇄물투입용 보조기구를 사용하도록 하는 등 근로자의 손 등이 말려 들어가지 않도록 필요한 조치를 하여야 한다. ② 사업주는 식품을 제조하는 과정에서 내용물이 담긴 용기를 들어올려 부어주는 기계를 작동할 때 근로자에게 위험이 발생할 우려가 있는 경우에는 근로자가 잘 볼 수 있는 곳에 즉시 기계의 작동을 정지시킬",n
영세제조업,제104조,금형조정작업의 위험 방지,편2 안전기준 > 장1 기계ㆍ기구 및 그 밖의 설비에 의한 위험예방 > 절3 프레스 및 전단기,partial,SIG11,0.578,"프레스 금형을 맞추거나 떼어내는 작업자가 슬라이드 아래 금형 사이로 손이나 상체를 넣고 있는데, 슬라이드를 받쳐 고정하는 안전블록은 보이지 않는다. 작업부는 열려 있고 내부에서 직접 조정 중이지만 돌발 하강을 막는 조치가 식별되지 않는다.",사업주는 프레스등의 금형을 부착ㆍ해체 또는 조정하는 작업을 할 때에 해당 작업에 종사하는 근로자의 신체가 위험한계 내에 있는 경우 슬라이드가 갑자기 작동함으로써 근로자에게 발생할 우려가 있는 위험을 방지하기 위하여 안전블록을 사용하는 등 필요한 조치를 하여야 한다.,n
영세제조업,제111조,운전의 정지,편2 안전기준 > 장1 기계ㆍ기구 및 그 밖의 설비에 의한 위험예방 > 절5 원심기 및 분쇄기등,partial,SIG12/DEPL9,0.576,원심기나 분쇄기 옆에서 작업자가 투입구나 내부로 손과 도구를 넣어 내용물을 꺼내거나 청소·수리하고 있다. 회전부 주변에 별도의 방호조치나 보조기구가 보이지 않아 기계에 직접 접근한 위험한 상태로 보인다.,"사업주는 원심기 또는 분쇄기등으로부터 내용물을 꺼내거나 원심기 또는 분쇄기등의 정비ㆍ청소ㆍ검사ㆍ수리 또는 그 밖에 이와 유사한 작업을 하는 경우에 그 기계의 운전을 정지하여야 한다. 다만, 내용물을 자동으로 꺼내는 구조이거나 그 기계의 운전 중에 정비ㆍ청소ㆍ검사ㆍ수리 또는 그 밖에 이와 유사한 작업을 하여야 하는 경우로서 안전한 보조기구를 사용하거나 위험한 부위에 필요한 방호 조치를 한 경우에는 그러하지 아니하다.",n
영세제조업,제162조,조립 등의 작업,편2 안전기준 > 장1 기계ㆍ기구 및 그 밖의 설비에 의한 위험예방 > 절9 양중기 > 관6 승강기,partial,SIG13,0.576,"승강기 설치나 수리 작업이 진행 중인 구역인데 출입금지 표지나 구역 통제가 보이지 않고, 주변에 작업과 무관해 보이는 사람이 함께 드나든다. 승강로 주변에서 일하는 작업자에게 안전대 등 보호구 착용이 보이지 않는다.","① 사업주는 사업장에 승강기의 설치ㆍ조립ㆍ수리ㆍ점검 또는 해체 작업을 하는 경우 다음 각 호의 조치를 해야 한다.   1. 작업을 지휘하는 사람을 선임하여 그 사람의 지휘하에 작업을 실시할 것   2. 작업을 할 구역에 관계 근로자가 아닌 사람의 출입을 금지하고 그 취지를 보기 쉬운 장소에 표시할 것   3. 비, 눈, 그 밖에 기상상태의 불안정으로 날씨가 몹시 나쁜 경우에는 그 작업을 중지시킬 것 ② 사업주는 제1항제1호의 작업을 지휘하는 사람에게 다음 각 호의 사항을 이행하도록 하여야 한다. ",n
영세제조업,제92조,정비 등의 작업 시의 운전정지 등,편2 안전기준 > 장1 기계ㆍ기구 및 그 밖의 설비에 의한 위험예방 > 절1 기계 등의 일반기준,partial,SIG14/DEPL1,0.565,"정비나 청소를 하는 작업자가 열린 덮개 틈이나 기계 내부에 손과 공구를 넣고 있는데, 조작반의 스위치와 기동버튼에는 잠금장치나 작동금지 표지가 없다. 배관이나 유압·공기 설비를 분해하는 현장인데 잔압을 뺀 흔적 없이 연결부를 바로 다루는 모습으로 보인다.","① 사업주는 동력으로 작동되는 기계의 정비ㆍ청소ㆍ급유ㆍ검사ㆍ수리ㆍ교체 또는 조정 작업 또는 그 밖에 이와 유사한 작업을 할 때에 근로자가 위험해질 우려가 있으면 해당 기계의 운전을 정지하여야 한다. 다만, 덮개가 설치되어 있는 등 기계의 구조상 근로자가 위험해질 우려가 없는 경우에는 그렇지 않다. ② 사업주는 제1항에 따라 기계의 운전을 정지한 경우에 다른 사람이 그 기계를 운전하는 것을 방지하기 위하여 기계의 기동장치에 잠금장치를 하고 그 열쇠를 별도 관리하거나 표지판을 설치하는 등 필요한 방호",n
영세제조업,제32조,보호구의 지급 등,편1 총칙 > 장4 보호구,partial,SIG15,0.563,"철골 상부, 용접 지점, 분진이 날리는 하역 현장, 이륜차 배송 현장 등에서 작업자가 해당 작업에 맞는 보호구를 착용하지 않은 채 작업하거나 주행하는 모습이 보인다. 높은 곳 작업자에게 안전대가 없거나, 용접 작업자에게 보안면이 없고, 배송 운전자가 안전모 없이 이동하는 장면이 위반 신호로 보인다.","① 사업주는 다음 각 호의 어느 하나에 해당하는 작업을 하는 근로자에 대해서는 다음 각 호의 구분에 따라 그 작업조건에 맞는 보호구를 작업하는 근로자 수 이상으로 지급하고 착용하도록 하여야 한다.   1. 물체가 떨어지거나 날아올 위험 또는 근로자가 추락할 위험이 있는 작업: 안전모   2. 높이 또는 깊이 2미터 이상의 추락할 위험이 있는 장소에서 하는 작업: 안전대(安全帶)   3. 물체의 낙하ㆍ충격, 물체에의 끼임, 감전 또는 정전기의 대전(帶電)에 의한 위험이 있는 작업: 안전화   4. ",n
영세제조업,제495조,석면해체ㆍ제거작업 시의 조치,편3 보건기준 > 장2 허가대상 유해물질 및 석면에 의한 건강장해의 예방 > 절6 석면의 해체ㆍ제거 작업 및 유지ㆍ관리 등의 조치기준,partial,DEPL2,,"실내 석면 해체 현장인데 창문과 벽, 바닥이 비닐로 밀폐되지 않았고 작업구역 출입부에 격리된 음압구역이나 연결된 샤워·탈의 공간이 보이지 않는다. 자재를 마른 상태로 깨거나 절단해 먼지가 날리고, 실외나 지붕 작업에서는 분진 포집장치 없이 작업하거나 해체한 지붕재를 아래로 바로 떨어뜨리는 모습이 보인다.","사업주는 석면해체ㆍ제거작업에 근로자를 종사하도록 하는 경우에 다음 각 호의 구분에 따른 조치를 하여야 한다. 다만, 사업주가 다른 조치를 한 경우로서 지방고용노동관서의 장이 다음 각 호의 조치와 같거나 그 이상의 효과를 가진다고 인정하는 경우에는 다음 각 호의 조치를 한 것으로 본다. <개정 2012.3.5, 2019.12.26>   1. 분무(噴霧)된 석면이나 석면이 함유된 보온재 또는 내화피복재(耐火被覆材)의 해체ㆍ제거작업     가. 창문ㆍ벽ㆍ바닥 등은 비닐 등 불침투성 차단재로 밀폐하고 해",n
영세제조업,제87조,원동기ㆍ회전축 등의 위험 방지,편2 안전기준 > 장1 기계ㆍ기구 및 그 밖의 설비에 의한 위험예방 > 절1 기계 등의 일반기준,yes,DEPL4,,"기계의 회전축, 기어, 벨트, 풀리, 체인, 플라이휠 같은 위험부가 그대로 드러나 있고, 작업자가 바로 손이나 옷이 닿을 거리에서 작업하는 모습이다. 선반의 돌출 회전 가공물이나 분쇄기 개구부, 감김통, 공기압축기 구동부에 덮개나 울이 없고, 건널다리에는 안전난간이나 미끄럼방지 발판이 보이지 않는다.",① 사업주는 기계의 원동기ㆍ회전축ㆍ기어ㆍ풀리ㆍ플라이휠ㆍ벨트 및 체인 등 근로자가 위험에 처할 우려가 있는 부위에 덮개ㆍ울ㆍ슬리브 및 건널다리 등을 설치하여야 한다. ② 사업주는 회전축ㆍ기어ㆍ풀리 및 플라이휠 등에 부속되는 키ㆍ핀 등의 기계요소는 묻힘형으로 하거나 해당 부위에 덮개를 설치하여야 한다. ③ 사업주는 벨트의 이음 부분에 돌출된 고정구를 사용해서는 아니 된다. ④ 사업주는 제1항의 건널다리에는 안전난간 및 미끄러지지 아니하는 구조의 발판을 설치하여야 한다. ⑤ 사업주는 연삭기(硏削機) 또,n
영세제조업,제133조,정격하중 등의 표시,편2 안전기준 > 장1 기계ㆍ기구 및 그 밖의 설비에 의한 위험예방 > 절9 양중기 > 관1 총칙,partial,DEPL6,,"크레인이나 호이스트 본체, 조작부 주변을 봐도 정격하중·운전속도·경고표시가 보이지 않는다. 슬링이나 샤클 같은 달기구에도 정격하중을 알 수 있는 태그나 각인이 없어 작업자가 허용 하중을 확인할 수 없는 모습이다.","사업주는 양중기(승강기는 제외한다) 및 달기구를 사용하여 작업하는 운전자 또는 작업자가 보기 쉬운 곳에 해당 기계의 정격하중, 운전속도, 경고표시 등을 부착하여야 한다. 다만, 달기구는 정격하중만 표시한다.",n
영세제조업,제301조,전기 기계ㆍ기구 등의 충전부 방호,편2 안전기준 > 장3 전기로 인한 위험 방지 > 절1 전기 기계ㆍ기구 등으로 인한 위험 방지,yes,DEPL7,,"분전반이나 제어반 문이 열린 채 고정되지 않아 내부 단자와 충전부가 그대로 보이고, 앞면에 절연덮개나 방호망도 없다. 맨홀이나 지하실 같은 좁은 공간에서는 노출된 전기 설비 옆에 울타리나 절연 칸막이 없이 작업 공간이 바로 붙어 있다.","① 사업주는 근로자가 작업이나 통행 등으로 인하여 전기기계, 기구 [전동기ㆍ변압기ㆍ접속기ㆍ개폐기ㆍ분전반(分電盤)ㆍ배전반(配電盤) 등 전기를 통하는 기계ㆍ기구, 그 밖의 설비 중 배선 및 이동전선 외의 것을 말한다. 이하 같다)] 또는 전로 등의 충전부분(전열기의 발열체 부분, 저항접속기의 전극 부분 등 전기기계ㆍ기구의 사용 목적에 따라 노출이 불가피한 충전부분은 제외한다. 이하 같다)에 접촉(충전부분과 연결된 도전체와의 접촉을 포함한다. 이하 이 장에서 같다)하거나 접근함으로써 감전 위험이 있는 ",n
영세제조업,제531조,압력조절기,편3 보건기준 > 장5 이상기압에 의한 건강장해의 예방 > 절2 설비 등,partial,DEPL8,,"잠수작업자가 호흡용 기체통의 기체를 공급받고 있지만, 사진만으로는 압력조절기가 2단 이상의 감압방식인지 분명히 확인되지 않는다. 기체통과 호흡장치 연결부는 보이더라도 법에서 요구한 압력조절기 사양 충족 여부는 확정하기 어렵다.",사업주는 기체압력이 제곱센티미터당 10킬로그램 이상인 호흡용 기체통의 기체를 잠수작업자에게 보내는 경우에 2단 이상의 감압방식에 의한 압력조절기를 잠수작업자에게 사용하도록 하여야 한다. <개정 2017.12.28>,n
영세제조업,제542조,화상 등의 방지,편3 보건기준 > 장5 이상기압에 의한 건강장해의 예방 > 절3 작업방법 등,partial,DEPL10,,"가압된 작업 공간 안에서 작업자가 용접 불꽃을 튀기거나 라이터 같은 화기를 지닌 채 들어가 있다. 천장이나 벽에는 보호망 없는 전구가 노출돼 있고, 주변에는 불이 붙을 수 있는 물질 가까이에 열원이 놓여 있다.","① 사업주는 고압작업을 하는 경우에 대기압을 초과하는 기압에서의 가연성물질의 연소위험성에 대하여 근로자에게 알리고, 고압작업자의 화상이나 그 밖의 위험을 방지하기 위하여 다음 각 호의 조치를 하여야 한다.   1. 전등은 보호망이 부착되어 있거나, 전구가 파손되어 가연성물질에 떨어져 불이 날 우려가 없는 것을 사용할 것   2. 전류가 흐르는 차단기는 불꽃이 발생하지 않는 것을 사용할 것   3. 난방을 할 때는 고온으로 인하여 가연성물질의 점화원이 될 우려가 없는 것을 사용할 것 ② 사업주는 고",n
음식점주방,제295조,가스집합용접장치의 관리 등,편2 안전기준 > 장2 폭발ㆍ화재 및 위험물누출에 의한 위험방지 > 절6 아세틸렌 용접장치 및 가스집합 용접장치 > 관2 가스집합 용접장치,partial,SIG1/DEPL6,0.582,"가스용기와 배관이 모여 있는 가스집합장치 주변에 안내 게시물이나 출입금지 표시가 보이지 않고, 가까운 곳에서 흡연이나 화기 사용이 이루어지는 모습이다. 작업자는 보안경이나 안전장갑 없이 용접·용단 작업을 하고, 주변에는 소화설비도 보이지 않는다.",사업주는 가스집합용접장치를 사용하여 금속의 용접ㆍ용단 및 가열작업을 하는 경우에는 다음 각 호의 사항을 준수하여야 한다. <개정 2024.6.28>   1. 사용하는 가스의 명칭 및 최대가스저장량을 가스장치실의 보기 쉬운 장소에 게시할 것   2. 가스용기를 교환하는 경우에는 관리감독자가 참여한 가운데 할 것   3. 밸브ㆍ콕 등의 조작 및 점검요령을 가스장치실의 보기 쉬운 장소에 게시할 것   4. 가스장치실에는 관계근로자가 아닌 사람의 출입을 금지할 것   5. 가스집합장치로부터 5미터 이내의,n
음식점주방,제247조,고열물 취급설비의 구조,편2 안전기준 > 장2 폭발ㆍ화재 및 위험물누출에 의한 위험방지 > 절3 용융고열물 등에 의한 위험예방,partial,SIG2,0.558,"작업장 한가운데 화로 같은 고열 설비가 설치되어 있는데, 바로 옆에 목재나 포장재 같은 가연물이 쌓여 있고 설비 주위에 별도의 차폐나 격리 구조가 보이지 않는다. 고열원이 주변 자재와 너무 가깝게 놓여 있어 화재 예방 구조가 충분하지 않아 보인다.",사업주는 화로 등 다량의 고열물을 취급하는 설비에 대하여 화재를 예방하기 위한 구조로 하여야 한다.,n
음식점주방,제245조,화기사용 장소의 화재 방지,편2 안전기준 > 장2 폭발ㆍ화재 및 위험물누출에 의한 위험방지 > 절2 화기 등의 관리,partial,SIG3,0.553,"사진에는 흡연장소나 난로가 있는 구역이 보이지만 주변에 소화기 등 화재예방 설비가 보이지 않는다. 화기 사용 자리 주변에는 재나 꽁초, 잔불 같은 흔적이 남아 있어 뒤처리가 끝나지 않은 상태로 보인다.",① 사업주는 흡연장소 및 난로 등 화기를 사용하는 장소에 화재예방에 필요한 설비를 하여야 한다. ② 화기를 사용한 사람은 불티가 남지 않도록 뒤처리를 확실하게 하여야 한다.,y
음식점주방,제234조,가스등의 용기,편2 안전기준 > 장2 폭발ㆍ화재 및 위험물누출에 의한 위험방지 > 절1 위험물 등의 취급 등,partial,SIG4,0.545,"용접 작업장 한쪽에 가스용기가 체인 고정 없이 비스듬히 기대어 있고, 일부는 바닥에 눕혀져 있다. 운반 중인 용기에는 보호캡이 없고, 용접불꽃이나 인화성 액체 보관물 바로 옆에 여러 용기가 구분표시 없이 섞여 놓여 있다.",사업주는 금속의 용접ㆍ용단 또는 가열에 사용되는 가스등의 용기를 취급하는 경우에 다음 각 호의 사항을 준수하여야 한다.   1. 다음 각 목의 어느 하나에 해당하는 장소에서 사용하거나 해당 장소에 설치ㆍ저장 또는 방치하지 않도록 할 것     가. 통풍이나 환기가 불충분한 장소     나. 화기를 사용하는 장소 및 그 부근     다. 위험물 또는 제236조에 따른 인화성 액체를 취급하는 장소 및 그 부근   2. 용기의 온도를 섭씨 40도 이하로 유지할 것   3. 전도의 위험이 없도록 할 것 ,n
음식점주방,제232조,폭발 또는 화재 등의 예방,편2 안전기준 > 장2 폭발ㆍ화재 및 위험물누출에 의한 위험방지 > 절1 위험물 등의 취급 등,partial,SIG5/DEPL2,0.543,"인화성 위험물 용기와 배관, 공정설비가 있는 작업구역인데 벽면이나 천장에 환풍기, 배풍기, 배기 덕트 같은 환기장치가 보이지 않는다. 가스가 새거나 쌓일 수 있는 설비 주변에도 가스 검지기나 경보등, 경보장치가 설치되지 않은 모습이다.","① 사업주는 인화성 액체의 증기, 인화성 가스 또는 인화성 고체가 존재하여 폭발이나 화재가 발생할 우려가 있는 장소에서 해당 증기ㆍ가스 또는 분진에 의한 폭발 또는 화재를 예방하기 위해 환풍기, 배풍기(排風機) 등 환기장치를 적절하게 설치해야 한다. ② 사업주는 제1항에 따른 증기나 가스에 의한 폭발이나 화재를 미리 감지하기 위하여 가스 검지 및 경보 성능을 갖춘 가스 검지 및 경보 장치를 설치해야 한다. 다만, 한국산업표준에 따른 0종 또는 1종 폭발위험장소에 해당하는 경우로서 제311조에 따라",y
음식점주방,제243조,소화설비,편2 안전기준 > 장2 폭발ㆍ화재 및 위험물누출에 의한 위험방지 > 절2 화기 등의 관리,partial,SIG6,0.542,인화성 유류나 화학설비가 있는 작업장 사진인데 주변에 소화기나 다른 소화설비가 전혀 보이지 않는다. 화재 위험이 큰 설비와 자재는 보이지만 이를 대비한 소화설비 배치가 확인되지 않는다.,"① 사업주는 건축물, 별표 7의 화학설비 또는 제5절의 위험물 건조설비가 있는 장소, 그 밖에 위험물이 아닌 인화성 유류 등 폭발이나 화재의 원인이 될 우려가 있는 물질을 취급하는 장소(이하 이 조에서 ""건축물등""이라 한다)에는 소화설비를 설치하여야 한다. ② 제1항의 소화설비는 건축물등의 규모ㆍ넓이 및 취급하는 물질의 종류 등에 따라 예상되는 폭발이나 화재를 예방하기에 적합하여야 한다.",m
음식점주방,제291조,가스집합장치의 위험 방지,편2 안전기준 > 장2 폭발ㆍ화재 및 위험물누출에 의한 위험방지 > 절6 아세틸렌 용접장치 및 가스집합 용접장치 > 관2 가스집합 용접장치,partial,SIG7,0.539,"가스집합장치와 여러 가스용기가 용접기나 가열 설비 가까이에 붙어 있고, 별도의 가스장치실 없이 작업장 한쪽에 그대로 놓여 있다. 용기 교환이 이루어지는 자리 주변에는 고무판 같은 충격방지 보호재가 보이지 않아 용기나 부속설비가 서로 부딪힐 수 있게 보인다.","① 사업주는 가스집합장치에 대해서는 화기를 사용하는 설비로부터 5미터 이상 떨어진 장소에 설치하여야 한다. ② 사업주는 제1항의 가스집합장치를 설치하는 경우에는 전용의 방(이하 ""가스장치실""이라 한다)에 설치하여야 한다. 다만, 이동하면서 사용하는 가스집합장치의 경우에는 그러하지 아니하다. ③ 사업주는 가스장치실에서 가스집합장치의 가스용기를 교환하는 작업을 할 때 가스장치실의 부속설비 또는 다른 가스용기에 충격을 줄 우려가 있는 경우에는 고무판 등을 설치하는 등 충격방지 조치를 하여야 한다.",n
음식점주방,제542조,화상 등의 방지,편3 보건기준 > 장5 이상기압에 의한 건강장해의 예방 > 절3 작업방법 등,partial,SIG8/DEPL7,0.538,"가압된 작업 공간 안에서 작업자가 용접 불꽃을 튀기거나 라이터 같은 화기를 지닌 채 들어가 있다. 천장이나 벽에는 보호망 없는 전구가 노출돼 있고, 주변에는 불이 붙을 수 있는 물질 가까이에 열원이 놓여 있다.","① 사업주는 고압작업을 하는 경우에 대기압을 초과하는 기압에서의 가연성물질의 연소위험성에 대하여 근로자에게 알리고, 고압작업자의 화상이나 그 밖의 위험을 방지하기 위하여 다음 각 호의 조치를 하여야 한다.   1. 전등은 보호망이 부착되어 있거나, 전구가 파손되어 가연성물질에 떨어져 불이 날 우려가 없는 것을 사용할 것   2. 전류가 흐르는 차단기는 불꽃이 발생하지 않는 것을 사용할 것   3. 난방을 할 때는 고온으로 인하여 가연성물질의 점화원이 될 우려가 없는 것을 사용할 것 ② 사업주는 고",n
음식점주방,제290조,아세틸렌 용접장치의 관리 등,편2 안전기준 > 장2 폭발ㆍ화재 및 위험물누출에 의한 위험방지 > 절6 아세틸렌 용접장치 및 가스집합 용접장치 > 관1 아세틸렌 용접장치,partial,SIG9,0.531,"아세틸렌 발생기나 발생기실 주변에 출입금지·금연·화기엄금 표시가 보이지 않고, 설치장소에도 소화기가 없다. 산소와 아세틸렌 도관은 구분 표시 없이 뒤섞여 있으며, 이동식 발생기는 열원이나 밀폐된 공간, 진동이 큰 설비 옆에 놓여 있다.","사업주는 아세틸렌 용접장치를 사용하여 금속의 용접ㆍ용단(溶斷) 또는 가열작업을 하는 경우에 다음 각 호의 사항을 준수하여야 한다. <개정 2024.6.28>   1. 발생기(이동식 아세틸렌 용접장치의 발생기는 제외한다)의 종류, 형식, 제작업체명, 매 시 평균 가스발생량 및 1회 카바이드 공급량을 발생기실 내의 보기 쉬운 장소에 게시할 것   2. 발생기실에는 관계 근로자가 아닌 사람이 출입하는 것을 금지할 것   3. 발생기에서 5미터 이내 또는 발생기실에서 3미터 이내의 장소에서는 흡연, 화기",n
음식점주방,제231조,인화성 액체 등을 수시로 취급하는 장소,편2 안전기준 > 장2 폭발ㆍ화재 및 위험물누출에 의한 위험방지 > 절1 위험물 등의 취급 등,partial,SIG10/DEPL8,0.527,"밀폐된 도장·세척 공간 안에서 스프레이 건으로 인화성 액체를 분사하고 있는데, 내부 벽면에는 일반 스위치와 콘센트가 그대로 노출되어 있고 일반 조명과 가열성 전기기기가 함께 보인다. 환기설비가 보이지 않거나 매우 미흡해 보이는 상태에서 전기기기가 같은 공간 안에서 사용되고 있다.","① 사업주는 인화성 액체, 인화성 가스 등을 수시로 취급하는 장소에서는 환기가 충분하지 않은 상태에서 전기기계ㆍ기구를 작동시켜서는 아니 된다. ② 사업주는 수시로 밀폐된 공간에서 스프레이 건을 사용하여 인화성 액체로 세척ㆍ도장 등의 작업을 하는 경우에는 다음 각 호의 조치를 하고 전기기계ㆍ기구를 작동시켜야 한다.   1. 인화성 액체, 인화성 가스 등으로 폭발위험 분위기가 조성되지 않도록 해당 물질의 공기 중 농도가 인화하한계값의 25퍼센트를 넘지 않도록 충분히 환기를 유지할 것   2. 조명 등",n
음식점주방,제292조,가스장치실의 구조 등,편2 안전기준 > 장2 폭발ㆍ화재 및 위험물누출에 의한 위험방지 > 절6 아세틸렌 용접장치 및 가스집합 용접장치 > 관2 가스집합 용접장치,partial,SIG11,0.526,가스장치실이 창이나 환기구 없이 답답하게 막혀 있어 누출가스가 빠져나가기 어려워 보인다. 지붕·천장이나 벽 일부가 가연성으로 보이는 마감재로 되어 있어 가스장치실 구조 기준에 맞지 않는 모습이다.,사업주는 가스장치실을 설치하는 경우에 다음 각 호의 구조로 설치하여야 한다.   1. 가스가 누출된 경우에는 그 가스가 정체되지 않도록 할 것   2. 지붕과 천장에는 가벼운 불연성 재료를 사용할 것   3. 벽에는 불연성 재료를 사용할 것,n
음식점주방,제19조,경보용 설비 등,편1 총칙 > 장2 작업장,partial,SIG12,0.512,넓은 실내 작업장이나 많은 작업자가 있는 옥내 공간인데도 벽면이나 천장 어디에도 사이렌이나 경보기 같은 비상 알림 장치가 보이지 않는다. 비상 시 작업자에게 신속히 알릴 수 있는 설비가 설치되지 않은 모습이다.,사업주는 연면적이 400제곱미터 이상이거나 상시 50명 이상의 근로자가 작업하는 옥내작업장에는 비상시에 근로자에게 신속하게 알리기 위한 경보용 설비 또는 기구를 설치하여야 한다.,n
음식점주방,제242조,화기사용 금지,편2 안전기준 > 장2 폭발ㆍ화재 및 위험물누출에 의한 위험방지 > 절2 화기 등의 관리,partial,SIG13,0.511,드럼통과 용제 용기가 놓인 위험물 취급 구역에서 작업자가 토치나 용접기를 사용하며 불꽃을 발생시키고 있다. 또는 가스설비와 위험물 표지 옆에서 담배를 피우거나 라이터를 사용하는 모습이 보인다.,사업주는 화재 또는 폭발의 위험이 있는 장소에서 다음 각 호의 화재 위험이 있는 물질을 취급하는 경우에는 화기의 사용을 금지해야 한다.   1. 제236조제1항에 따른 물질   2. 별표 1 제1호ㆍ제2호 및 제5호에 따른 위험물질,n
음식점주방,제239조,위험물 등이 있는 장소에서 화기 등의 사용 금지,편2 안전기준 > 장2 폭발ㆍ화재 및 위험물누출에 의한 위험방지 > 절2 화기 등의 관리,partial,SIG14,0.511,"드럼통과 저장탱크, 배관이 모여 있는 위험물 취급 장소로 보이는 곳에서 작업자가 용접이나 절단 작업을 하며 불꽃을 튀기고 있다. 위험물 설비 바로 옆이나 그 상부에서 그라인더 스파크나 토치 화염이 보이는 장면이다.",사업주는 위험물이 있어 폭발이나 화재가 발생할 우려가 있는 장소 또는 그 상부에서 불꽃이나 아크를 발생하거나 고온으로 될 우려가 있는 화기ㆍ기계ㆍ기구 및 공구 등을 사용해서는 아니 된다.,n
음식점주방,제225조,위험물질 등의 제조 등 작업 시의 조치,편2 안전기준 > 장2 폭발ㆍ화재 및 위험물누출에 의한 위험방지 > 절1 위험물 등의 취급 등,partial,SIG15,0.511,"화학용기와 배관이 있는 작업장 한쪽에 불꽃이나 히터 같은 열원이 바로 붙어 있고, 바닥에는 액체가 새어 번진 흔적이 보인다. 위험물 설비 주변에 가스용기나 산화성 물질 용기가 별도 격리 없이 함께 놓여 있어 폭발·화재·누출 위험이 드러난다.","사업주는 별표 1의 위험물질(이하 ""위험물""이라 한다)을 제조하거나 취급하는 경우에 폭발ㆍ화재 및 누출을 방지하기 위한 적절한 방호조치를 하지 아니하고 다음 각 호의 행위를 해서는 아니 된다.   1. 폭발성 물질, 유기과산화물을 화기나 그 밖에 점화원이 될 우려가 있는 것에 접근시키거나 가열하거나 마찰시키거나 충격을 가하는 행위   2. 물반응성 물질, 인화성 고체를 각각 그 특성에 따라 화기나 그 밖에 점화원이 될 우려가 있는 것에 접근시키거나 발화를 촉진하는 물질 또는 물에 접촉시키거나 가열",n
음식점주방,제233조,가스용접 등의 작업,편2 안전기준 > 장2 폭발ㆍ화재 및 위험물누출에 의한 위험방지 > 절1 위험물 등의 취급 등,partial,DEPL1,,"가스용접 작업장 사진에서 산소호스와 연료가스호스가 낡고 갈라져 있으며, 토치와 호스 연결부가 밴드 없이 임시로 끼워져 있다. 공급구 밸브에는 사용자 표시가 없고, 여러 호스가 같은 색으로 뒤엉켜 있어 어느 가스 배관인지 구분되지 않는다.","사업주는 인화성 가스, 불활성 가스 및 산소(이하 ""가스등""이라 한다)를 사용하여 금속의 용접ㆍ용단 또는 가열작업을 하는 경우에는 가스등의 누출 또는 방출로 인한 폭발ㆍ화재 또는 화상을 예방하기 위해 다음 각 호의 사항을 준수해야 한다. <개정 2021.5.28>   1. 가스등의 호스와 취관(吹管)은 손상ㆍ마모 등에 의하여 가스등이 누출할 우려가 없는 것을 사용할 것   2. 가스등의 취관 및 호스의 상호 접촉부분은 호스밴드, 호스클립 등 조임기구를 사용하여 가스등이 누출되지 않도록 할 것   ",n
음식점주방,제296조,지하작업장 등,편2 안전기준 > 장2 폭발ㆍ화재 및 위험물누출에 의한 위험방지 > 절7 폭발ㆍ화재 및 위험물 누출에 의한 위험방지,partial,DEPL3,,"지하 굴착 공간이나 가스도관 옆 굴착부에서 작업자들이 그대로 작업을 계속하고 있고, 근처에는 용접 불꽃이나 점화원이 될 장비가 보인다. 밀폐된 공간인데도 통풍·환기 조치는 보이지 않아 가스 위험 장소에서 작업을 멈추지 않은 현장처럼 보인다.",사업주는 인화성 가스가 발생할 우려가 있는 지하작업장에서 작업하는 경우(제350조에 따른 터널 등의 건설작업의 경우는 제외한다) 또는 가스도관에서 가스가 발산될 위험이 있는 장소에서 굴착작업(해당 작업이 이루어지는 장소 및 그와 근접한 장소에서 이루어지는 지반의 굴삭 또는 이에 수반한 토사등의 운반 등의 작업을 말한다)을 하는 경우에는 폭발이나 화재를 방지하기 위해 다음 각 호의 조치를 해야 한다. <개정 2023.11.14>   1. 가스의 농도를 측정하는 사람을 지명하고 다음 각 목의 경우에 ,n
음식점주방,제634조,가스배관공사 등에 관한 조치,편3 보건기준 > 장10 밀폐공간 작업으로 인한 건강장해의 예방 > 절3 유해가스 발생장소 등에 대한 조치기준,partial,DEPL4,,"맨홀이나 지하실 같은 좁고 환기 나쁜 공간 안에서 작업자가 가스배관을 분리하거나 연결하고 있는데, 주변에 환기설비가 보이지 않고 작업자도 공기호흡기나 송기마스크를 착용하지 않은 모습이다. 배관 작업이 밀폐공간 내부에서 그대로 진행되는 장면이 보인다.",① 사업주는 근로자가 지하실이나 맨홀의 내부 또는 그 밖에 통풍이 불충분한 장소에서 가스를 공급하는 배관을 해체하거나 부착하는 작업을 하는 경우에 다음 각 호의 조치를 하여야 한다.   1. 배관을 해체하거나 부착하는 작업장소에 해당 가스가 들어오지 않도록 차단할 것   2. 해당 작업을 하는 장소는 적정공기 상태가 유지되도록 환기를 하거나 근로자에게 공기호흡기 또는 송기마스크를 지급하여 착용하도록 할 것 ② 근로자는 제1항제2호에 따라 지급된 보호구를 사업주의 지시에 따라 착용하여야 한다.,n
음식점주방,제355조,가스제거 등의 조치,편2 안전기준 > 장4 건설작업 등에 의한 위험 예방 > 절2 굴착작업 등의 위험 방지 > 관3 터널작업,partial,DEPL5,,터널 막장 앞에서 굴착이 진행 중인데 가스 제거를 위한 보링이나 관련 방지 설비가 보이지 않는다. 인화성 가스 분출 위험이 있는 굴착 구간처럼 보이지만 이를 막기 위한 조치가 식별되지 않는다.,사업주는 터널 등의 굴착작업을 할 때에 인화성 가스가 분출할 위험이 있는 경우에는 그 인화성 가스에 의한 폭발이나 화재를 예방하기 위하여 보링(boring)에 의한 가스 제거 및 그 밖에 인화성 가스의 분출을 방지하는 등 필요한 조치를 하여야 한다.,n
음식점주방,제269조,화염방지기의 설치 등,편2 안전기준 > 장2 폭발ㆍ화재 및 위험물누출에 의한 위험방지 > 절4 화학설비ㆍ압력용기 등,partial,DEPL9,,"인화성 물질을 다루는 것으로 보이는 저장탱크나 화학설비 상부에 통기관이 대기로 그대로 열려 있고, 끝단에 화염방지기나 화염방지 기능 통기밸브가 보이지 않는다. 상단 배출구가 맨관으로 노출되어 외부 화염 유입을 막는 장치가 없는 모습이다.","① 사업주는 인화성 액체 및 인화성 가스를 저장ㆍ취급하는 화학설비에서 증기나 가스를 대기로 방출하는 경우에는 외부로부터의 화염을 방지하기 위하여 화염방지기를 그 설비 상단에 설치해야 한다. 다만, 대기로 연결된 통기관에 화염방지 기능이 있는 통기밸브가 설치되어 있거나, 인화점이 섭씨 38도 이상 60도 이하인 인화성 액체를 저장ㆍ취급할 때에 화염방지 기능을 가지는 인화방지망을 설치한 경우에는 그렇지 않다. ② 사업주는 제1항의 화염방지기를 설치하는 경우에는 한국산업표준에서 정하는 화염방지장치 기준",n
음식점주방,제278조,개조ㆍ수리 등,편2 안전기준 > 장2 폭발ㆍ화재 및 위험물누출에 의한 위험방지 > 절4 화학설비ㆍ압력용기 등,partial,DEPL10,,"개방된 화학설비나 탱크 내부에서 작업자가 작업하고 있는데, 주변 배관이나 설비 이음부에서 액체가 새거나 증기가 퍼지고 있다. 설비를 분해한 채 누출 방지 조치가 보이지 않아 작업장 주변에 위험물이나 수증기가 그대로 나오고 있는 모습이다.",사업주는 화학설비와 그 부속설비의 개조ㆍ수리 및 청소 등을 위하여 해당 설비를 분해하거나 해당 설비의 내부에서 작업을 하는 경우에는 다음 각 호의 사항을 준수하여야 한다.   1. 작업책임자를 정하여 해당 작업을 지휘하도록 할 것   2. 작업장소에 위험물 등이 누출되거나 고온의 수증기가 새어나오지 않도록 할 것   3. 작업장 및 그 주변의 인화성 액체의 증기나 인화성 가스의 농도를 수시로 측정할 것,n
프레스,제103조,프레스 등의 위험 방지,편2 안전기준 > 장1 기계ㆍ기구 및 그 밖의 설비에 의한 위험예방 > 절3 프레스 및 전단기,yes,SIG1/DEPL2,0.688,"프레스 전면 작업부가 그대로 열려 있어 슬라이드나 금형 접점이 노출되고, 작업자가 손으로 소재를 넣을 수 있게 보인다. 전단기 칼날 주변에도 덮개나 방호장치가 없고, 바닥에는 발 스위치가 남아 있어 방호장치 없이 기계를 작동할 수 있는 모습이다.","① 사업주는 프레스 또는 전단기(剪斷機)(이하 ""프레스등""이라 한다)를 사용하여 작업하는 근로자의 신체 일부가 위험한계에 들어가지 않도록 해당 부위에 덮개를 설치하는 등 필요한 방호 조치를 하여야 한다. 다만, 슬라이드 또는 칼날에 의한 위험을 방지하는 구조로 되어 있는 프레스등에 대해서는 그러하지 아니하다. ② 사업주는 작업의 성질상 제1항에 따른 조치가 곤란한 경우에 프레스등의 종류, 압력능력, 분당 행정의 수, 행정의 길이 및 작업방법에 상응하는 성능(양수조작식 안전장치 및 감응형 안전장치의",y
프레스,제104조,금형조정작업의 위험 방지,편2 안전기준 > 장1 기계ㆍ기구 및 그 밖의 설비에 의한 위험예방 > 절3 프레스 및 전단기,partial,SIG2/DEPL1,0.631,"프레스 금형을 맞추거나 떼어내는 작업자가 슬라이드 아래 금형 사이로 손이나 상체를 넣고 있는데, 슬라이드를 받쳐 고정하는 안전블록은 보이지 않는다. 작업부는 열려 있고 내부에서 직접 조정 중이지만 돌발 하강을 막는 조치가 식별되지 않는다.",사업주는 프레스등의 금형을 부착ㆍ해체 또는 조정하는 작업을 할 때에 해당 작업에 종사하는 근로자의 신체가 위험한계 내에 있는 경우 슬라이드가 갑자기 작동함으로써 근로자에게 발생할 우려가 있는 위험을 방지하기 위하여 안전블록을 사용하는 등 필요한 조치를 하여야 한다.,n
프레스,제121조,사출성형기 등의 방호장치,편2 안전기준 > 장1 기계ㆍ기구 및 그 밖의 설비에 의한 위험예방 > 절8 사출성형기 등,yes,SIG3/DEPL3,0.611,"사출성형기나 형단조기의 금형 접근부가 그대로 열려 있어 작업자가 손을 쉽게 넣을 수 있고, 앞쪽에 게이트가드나 양수조작식 방호장치가 보이지 않는다. 기계 측면이나 상부의 히터, 전기 부위도 덮개 없이 드러나 있어 뜨거운 표면과 충전부가 그대로 노출된 모습이다.","① 사업주는 사출성형기(射出成形機)ㆍ주형조형기(鑄型造形機) 및 형단조기(프레스등은 제외한다) 등에 근로자의 신체 일부가 말려들어갈 우려가 있는 경우 게이트가드(gate guard) 또는 양수조작식 등에 의한 방호장치, 그 밖에 필요한 방호 조치를 하여야 한다. ② 제1항의 게이트가드는 닫지 아니하면 기계가 작동되지 아니하는 연동구조(連動構造)여야 한다. ③ 사업주는 제1항에 따른 기계의 히터 등의 가열 부위 또는 감전 우려가 있는 부위에는 방호덮개를 설치하는 등 필요한 안전 조치를 하여야 한다.",n
프레스,제88조,기계의 동력차단장치,편2 안전기준 > 장1 기계ㆍ기구 및 그 밖의 설비에 의한 위험예방 > 절1 기계 등의 일반기준,partial,SIG4/DEPL5,0.59,"절단기나 프레스 같은 가공기계 앞에 작업자가 서 있지만, 기계 본체나 작업 위치 주변에 전원을 끊거나 동력을 차단할 수 있는 스위치·클러치가 보이지 않는다. 조작장치는 기계에서 떨어져 있거나 제어 부위가 손상된 모습으로 보여, 작업 위치에서 즉시 차단하기 어려워 보인다.","① 사업주는 동력으로 작동되는 기계에 스위치ㆍ클러치(clutch) 및 벨트이동장치 등 동력차단장치를 설치하여야 한다. 다만, 연속하여 하나의 집단을 이루는 기계로서 공통의 동력차단장치가 있거나 공정 도중에 인력(人力)에 의한 원재료의 공급과 인출(引出) 등이 필요 없는 경우에는 그러하지 아니하다. ② 사업주는 제1항에 따라 동력차단장치를 설치할 때에는 제1항에 따른 기계 중 절단ㆍ인발(引拔)ㆍ압축ㆍ꼬임ㆍ타발(打拔) 또는 굽힘 등의 가공을 하는 기계에 설치하되, 근로자가 작업위치를 이동하지 아니하고",n
프레스,제12조,동력으로 작동되는 문의 설치 조건,편1 총칙 > 장2 작업장,partial,SIG5,0.57,"공장 출입구의 전동문이 큰 개구부를 차지하고 있는데, 문 주변 어디에도 눈에 띄는 비상정지 버튼이 보이지 않는다. 근로자가 지나는 문이 전동식으로만 보이고 수동 개방장치나 별도 통행문도 확인되지 않는다.","사업주는 동력으로 작동되는 문을 설치하는 경우 다음 각 호의 기준에 맞는 구조로 설치하여야 한다. <개정 2014.9.30>   1. 동력으로 작동되는 문에 근로자가 끼일 위험이 있는 2.5미터 높이까지는 위급하거나 위험한 사태가 발생한 경우에 문의 작동을 정지시킬 수 있도록 비상정지장치 설치 등 필요한 조치를 할 것. 다만, 위험구역에 사람이 없어야만 문이 작동되도록 안전장치가 설치되어 있거나 운전자가 특별히 지정되어 상시 조작하는 경우에는 그러하지 아니하다.   2. 동력으로 작동되는 문의 비",n
프레스,제192조,비상정지장치,편2 안전기준 > 장1 기계ㆍ기구 및 그 밖의 설비에 의한 위험예방 > 절11 컨베이어,yes,SIG6,0.563,"작업자가 바로 옆에서 사용하는 컨베이어가 길게 돌아가고 있는데, 측면이나 투입부 주변 어디에도 비상정지버튼이나 로프형 비상정지장치가 보이지 않는다. 신체가 말려들 수 있는 롤러와 벨트가 노출된 상태인데도 즉시 설비를 멈출 수단이 없는 모습이다.","사업주는 컨베이어등에 해당 근로자의 신체의 일부가 말려드는 등 근로자가 위험해질 우려가 있는 경우 및 비상시에는 즉시 컨베이어등의 운전을 정지시킬 수 있는 장치를 설치하여야 한다. 다만, 무동력상태로만 사용하여 근로자가 위험해질 우려가 없는 경우에는 그러하지 아니하다.",n
프레스,제36조,사용의 제한,"편1 총칙 > 장5 관리감독자의 직무, 사용의 제한 등",partial,SIG7,0.533,"작업장 사진에는 회전하거나 움직이는 위험 부위가 그대로 드러난 기계가 가동 중이고, 덮개나 울 같은 방호장치가 없거나 열린 채로 보인다. 작업자는 보호구 없이 또는 파손된 보호구를 착용한 채 그 설비를 사용하고 있다.","사업주는 법 제80조ㆍ제81조에 따른 방호조치 등의 조치를 하지 않거나 법 제83조제1항에 따른 안전인증기준, 법 제89조제1항에 따른 자율안전기준 또는 법 제93조제1항에 따른 안전검사기준에 적합하지 않은 기계ㆍ기구ㆍ설비 및 방호장치ㆍ보호구 등을 사용해서는 아니 된다. <개정 2019.12.26, 2021.5.28>",n
프레스,제128조,포장기계의 덮개 등,편2 안전기준 > 장1 기계ㆍ기구 및 그 밖의 설비에 의한 위험예방 > 절8 사출성형기 등,yes,SIG8,0.526,"포장기나 충진기의 움직이는 부분이 그대로 드러나 있고, 이를 가리는 덮개나 차폐물이 보이지 않는다. 작업자가 바로 손을 뻗을 수 있는 위치에 위험한 작동부가 노출된 상태다.",사업주는 종이상자ㆍ자루 등의 포장기 또는 충진기 등의 작동 부분이 근로자를 위험하게 할 우려가 있는 경우 덮개 설치 등 필요한 조치를 해야 한다. <개정 2021.5.28>,n
프레스,제528조,자동경보장치 등,편3 보건기준 > 장5 이상기압에 의한 건강장해의 예방 > 절2 설비 등,partial,SIG9,0.525,이상기압 작업 설비 구역의 기압조절실 외벽이 막혀 있어 내부를 들여다볼 창이나 관찰 설비가 보이지 않는다. 공기압축기와 냉각장치가 놓여 있지만 온도 이상 시 관계자에게 알릴 경보장치로 보이는 설비도 확인되지 않는다.,① 사업주는 작업실 또는 기압조절실로 불어넣는 공기압축기의 공기나 그 공기압축기에 딸린 냉각장치를 통과한 공기의 온도가 비정상적으로 상승한 경우에 그 공기압축기의 운전자 또는 그 밖의 관계자에게 이를 신속히 알릴 수 있는 자동경보장치를 설치하여야 한다. ② 사업주는 기압조절실 내부를 관찰할 수 있는 창을 설치하는 등 외부에서 기압조절실 내부의 상태를 파악할 수 있는 설비를 갖추어야 한다.,n
프레스,제550조,출입의 금지,편3 보건기준 > 장5 이상기압에 의한 건강장해의 예방 > 절4 관리 등,partial,SIG10,0.523,"기압조절실 출입문이나 조작반이 있는 구역이 개방되어 있고, 주변에 출입금지 안내문이 보이지 않는다. 통제 표시 없이 일반 인원으로 보이는 사람이 해당 구역 안에 들어와 있는 모습이다.","① 사업주는 기압조절실을 설치한 장소와 조작하는 장소에 관계근로자가 아닌 사람의 출입을 금지하고, 그 내용을 보기 쉬운 장소에 게시하여야 한다. ② 근로자는 제1항에 따라 출입이 금지된 장소에 사업주의 허락 없이 출입해서는 아니 된다.",n
프레스,제93조,방호장치의 해체 금지,편2 안전기준 > 장1 기계ㆍ기구 및 그 밖의 설비에 의한 위험예방 > 절1 기계 등의 일반기준,partial,SIG11,0.52,"기계의 회전부나 구동부가 방호덮개 없이 그대로 드러나 있고, 작업자가 위험부에 바로 닿을 수 있는 상태로 보인다. 분리된 가드가 설비 옆에 놓여 있거나 방호장치가 열린 채 방치되어 있다.","① 사업주는 기계ㆍ기구 또는 설비에 설치한 방호장치를 해체하거나 사용을 정지해서는 아니 된다. 다만, 방호장치의 수리ㆍ조정 및 교체 등의 작업을 하는 경우에는 그러하지 아니하다. ② 제1항의 방호장치에 대하여 수리ㆍ조정 또는 교체 등의 작업을 완료한 후에는 즉시 방호장치가 정상적인 기능을 발휘할 수 있도록 하여야 한다.",y
프레스,제101조,원형톱기계의 톱날접촉예방장치,편2 안전기준 > 장1 기계ㆍ기구 및 그 밖의 설비에 의한 위험예방 > 절2 공작기계,yes,SIG12,0.517,"절단기 테이블 위로 원형 톱날이 그대로 드러나 있고, 톱날을 가리거나 접촉을 막는 장치가 보이지 않는다. 작업자가 가까이 설 수 있는 위치에 회전부가 노출된 상태로 보인다.",사업주는 원형톱기계(목재가공용 둥근톱기계는 제외한다)에는 톱날접촉예방장치를 설치하여야 한다.,n
프레스,제90조,날아오는 가공물 등에 의한 위험의 방지,편2 안전기준 > 장1 기계ㆍ기구 및 그 밖의 설비에 의한 위험예방 > 절1 기계 등의 일반기준,yes,SIG13,0.513,"절단이나 절삭이 이루어지는 기계의 작업부가 그대로 드러나 있고, 앞이나 옆을 막아주는 덮개나 울이 보이지 않는다. 작업자는 비산될 수 있는 가공물이나 절삭편과 직접 마주보는 위치에서 작업하고 있다.","사업주는 가공물 등이 절단되거나 절삭편(切削片)이 날아오는 등 근로자가 위험해질 우려가 있는 기계에 덮개 또는 울 등을 설치하여야 한다. 다만, 해당 작업의 성질상 덮개 또는 울 등을 설치하기가 매우 곤란하여 근로자에게 보호구를 사용하도록 한 경우에는 그러하지 아니하다.",n
프레스,제162조,조립 등의 작업,편2 안전기준 > 장1 기계ㆍ기구 및 그 밖의 설비에 의한 위험예방 > 절9 양중기 > 관6 승강기,partial,SIG14,0.512,"승강기 설치나 수리 작업이 진행 중인 구역인데 출입금지 표지나 구역 통제가 보이지 않고, 주변에 작업과 무관해 보이는 사람이 함께 드나든다. 승강로 주변에서 일하는 작업자에게 안전대 등 보호구 착용이 보이지 않는다.","① 사업주는 사업장에 승강기의 설치ㆍ조립ㆍ수리ㆍ점검 또는 해체 작업을 하는 경우 다음 각 호의 조치를 해야 한다.   1. 작업을 지휘하는 사람을 선임하여 그 사람의 지휘하에 작업을 실시할 것   2. 작업을 할 구역에 관계 근로자가 아닌 사람의 출입을 금지하고 그 취지를 보기 쉬운 장소에 표시할 것   3. 비, 눈, 그 밖에 기상상태의 불안정으로 날씨가 몹시 나쁜 경우에는 그 작업을 중지시킬 것 ② 사업주는 제1항제1호의 작업을 지휘하는 사람에게 다음 각 호의 사항을 이행하도록 하여야 한다. ",n
프레스,제91조,고장난 기계의 정비 등,편2 안전기준 > 장1 기계ㆍ기구 및 그 밖의 설비에 의한 위험예방 > 절1 기계 등의 일반기준,partial,SIG15,0.51,"공장 설비의 방호덮개가 깨지거나 빠진 채로 남아 있고, 작업자가 바로 옆에서 그 기계를 계속 조작하고 있다. 결함이 있는 것으로 보이는 설비에 정비 전 사용중지 조치 없이 작업이 이어지는 모습이다.",① 사업주는 기계 또는 방호장치의 결함이 발견된 경우 반드시 정비한 후에 근로자가 사용하도록 하여야 한다. ② 제1항의 정비가 완료될 때까지는 해당 기계 및 방호장치 등의 사용을 금지하여야 한다.,m
프레스,제297조,부식성 액체의 압송설비,편2 안전기준 > 장2 폭발ㆍ화재 및 위험물누출에 의한 위험방지 > 절7 폭발ㆍ화재 및 위험물 누출에 의한 위험방지,partial,DEPL4,,"부식성 액체를 호스로 이송하는 설비에 압력계가 운전자 눈에 잘 띄지 않거나, 비상 시 바로 끌 수 있는 차단장치가 가까이 보이지 않는다. 호스 접속부는 전용 접속용구 없이 불완전하게 연결되어 있고, 이음부 주변에 새어 나온 액체 자국이나 손상된 호스 표면이 보인다.","사업주는 별표 1의 부식성 물질을 동력을 사용하여 호스로 압송(壓送)하는 작업을 하는 경우에는 해당 압송에 사용하는 설비에 대하여 다음 각 호의 조치를 하여야 한다.   1. 압송에 사용하는 설비를 운전하는 사람(이하 이 조에서 ""운전자""라 한다)이 보기 쉬운 위치에 압력계를 설치하고 운전자가 쉽게 조작할 수 있는 위치에 동력을 차단할 수 있는 조치를 할 것   2. 호스와 그 접속용구는 압송하는 부식성 액체에 대하여 내식성(耐蝕性), 내열성 및 내한성을 가진 것을 사용할 것   3. 호스에 사용",n
프레스,제123조,롤러기의 울 등 설치,편2 안전기준 > 장1 기계ㆍ기구 및 그 밖의 설비에 의한 위험예방 > 절8 사출성형기 등,yes,DEPL6,,"종이나 천이 들어가는 롤러기의 인입부가 그대로 열려 있고, 앞쪽에 울이나 가이드롤러가 보이지 않는다. 작업자가 손을 넣을 수 있는 위치에 회전 롤러의 끼임 위험부가 노출된 상태다.",사업주는 합판ㆍ종이ㆍ천 및 금속박 등을 통과시키는 롤러기로서 근로자가 위험해질 우려가 있는 부위에는 울 또는 가이드롤러(guide roller) 등을 설치하여야 한다.,n
프레스,제415조,추락ㆍ충돌ㆍ협착 등의 방지,편2 안전기준 > 장8 궤도 관련 작업 등에 의한 위험 방지 > 절3 입환작업 시의 위험방지,partial,DEPL7,,"입환작업 중인 철도 차량 측면에 수직사다리는 보이지만 손잡이가 없고, 작업자가 서거나 탑승하는 위치에도 안전난간이나 대체용 발받침·손잡이가 없다. 차량 연결부 사이에 작업자가 들어가 있거나 작업구역 주변에 관계자 외 사람이 함께 서 있어 충돌·협착 위험이 커 보인다.","① 사업주는 입환기(入換機)를 사용하는 작업의 경우에는 다음 각 호의 조치를 하여야 한다.   1. 열차운행 중에 열차에 뛰어오르거나 뛰어내리지 않도록 근로자에게 알릴 것   2. 열차에 오르내리기 위한 수직사다리에는 미끄러짐을 방지할 수 있는 견고한 손잡이를 설치할 것   3. 열차에 오르내리기 위한 수직사다리에 근로자가 매달린 상태에서는 열차를 운행하지 않도록 할 것   4. 근로자가 탑승하는 위치에는 안전난간을 설치할 것. 다만, 열차의 구조적인 문제로 안전난간을 설치할 수 없는 경우에는 발",n
프레스,제209조,무너짐의 방지,편2 안전기준 > 장1 기계ㆍ기구 및 그 밖의 설비에 의한 위험예방 > 절12 건설기계 등 > 관2 항타기 및 항발기,partial,DEPL8,,"항타기 또는 항발기가 흙바닥이나 가설물 위에 세워져 있는데 아웃트리거 아래 깔판이나 받침목이 없고, 받침 고정용 말뚝·쐐기도 보이지 않는다. 궤도형 장비에는 레일 클램프가 없거나, 마스트 상단·하단에 버팀대와 고정구조가 없어 장비가 기울고 불안정하게 서 있는 모습이다.","사업주는 동력을 사용하는 항타기 또는 항발기에 대하여 무너짐을 방지하기 위하여 다음 각 호의 사항을 준수해야 한다. <개정 2019.1.31, 2022.10.18, 2023.11.14>   1. 연약한 지반에 설치하는 경우에는 아웃트리거ㆍ받침 등 지지구조물의 침하를 방지하기 위하여 깔판ㆍ받침목 등을 사용할 것   2. 시설 또는 가설물 등에 설치하는 경우에는 그 내력을 확인하고 내력이 부족하면 그 내력을 보강할 것   3. 아웃트리거ㆍ받침 등 지지구조물이 미끄러질 우려가 있는 경우에는 말뚝 또는 ",n
프레스,제301조,전기 기계ㆍ기구 등의 충전부 방호,편2 안전기준 > 장3 전기로 인한 위험 방지 > 절1 전기 기계ㆍ기구 등으로 인한 위험 방지,yes,DEPL9,,"분전반이나 제어반 문이 열린 채 고정되지 않아 내부 단자와 충전부가 그대로 보이고, 앞면에 절연덮개나 방호망도 없다. 맨홀이나 지하실 같은 좁은 공간에서는 노출된 전기 설비 옆에 울타리나 절연 칸막이 없이 작업 공간이 바로 붙어 있다.","① 사업주는 근로자가 작업이나 통행 등으로 인하여 전기기계, 기구 [전동기ㆍ변압기ㆍ접속기ㆍ개폐기ㆍ분전반(分電盤)ㆍ배전반(配電盤) 등 전기를 통하는 기계ㆍ기구, 그 밖의 설비 중 배선 및 이동전선 외의 것을 말한다. 이하 같다)] 또는 전로 등의 충전부분(전열기의 발열체 부분, 저항접속기의 전극 부분 등 전기기계ㆍ기구의 사용 목적에 따라 노출이 불가피한 충전부분은 제외한다. 이하 같다)에 접촉(충전부분과 연결된 도전체와의 접촉을 포함한다. 이하 이 장에서 같다)하거나 접근함으로써 감전 위험이 있는 ",n
프레스,제94조,작업모 등의 착용,편2 안전기준 > 장1 기계ㆍ기구 및 그 밖의 설비에 의한 위험예방 > 절1 기계 등의 일반기준,partial,DEPL10,,회전하는 동력기계 옆에서 작업자가 머리카락을 드러낸 채 모자를 쓰지 않고 작업한다. 소매나 옷자락이 헐렁한 복장이 회전체 가까이에 있어 말려 들어갈 위험이 커 보인다.,사업주는 동력으로 작동되는 기계에 근로자의 머리카락 또는 의복이 말려 들어갈 우려가 있는 경우에는 해당 근로자에게 작업에 알맞은 작업모 또는 작업복을 착용하도록 하여야 한다.,n
